,id,name,race_horse_count,win_horse_count,race_count,win_count,grade_race_count,grade_race_win,stakes_race_count,stakes_race_win,general_race_count,general_race_win,turf_race_count,turf_race_win,dart_race_count,dart_race_win,win_ratio,earning_index,avg_turf_distance,avg_dart_distance
0,000a00033a,サンデーサイレンス,429,68,947,71,67,4,211,18,669,49,425,33,494,34,0.159,1.26,1781.8,1611.8
1,1998101516,アグネスタキオン,211,28,475,30,24,2,66,3,385,25,226,13,235,16,0.133,1.05,1815.4,1450.0
2,1998110135,クロフネ,191,26,407,28,23,1,69,10,315,17,161,16,232,12,0.136,1.11,1875.0,1691.7
3,1993109188,ダンスインザダーク,171,26,421,29,19,1,99,8,303,20,193,17,215,12,0.152,1.1,1658.8,1500.0
4,000a000082,ブライアンズタイム,187,22,431,24,11,2,86,5,334,17,137,10,287,14,0.118,0.89,1860.0,1507.1
5,2001103460,キングカメハメハ,140,28,333,30,16,1,56,7,261,22,147,20,181,9,0.2,1.15,1870.0,1644.4
6,1992109618,フジキセキ,220,25,498,26,12,1,84,4,402,21,153,6,339,20,0.114,0.71,1566.7,1585.0
7,000a00013a,フレンチデピュティ,180,22,389,22,18,1,67,2,304,19,136,9,245,13,0.122,0.87,1844.4,1661.5
8,1999110099,シンボリクリスエス,129,24,302,25,11,3,33,3,258,19,108,9,188,15,0.186,1.15,1666.7,1613.3
9,000a000134,フォーティナイナー,69,14,199,18,7,2,26,2,166,14,49,6,150,12,0.203,2.02,1900.0,1566.7
10,1995103211,スペシャルウィーク,152,20,339,23,14,0,70,6,255,17,135,9,195,14,0.132,0.82,1755.6,1578.6
11,1983109006,トニービン,85,12,203,12,14,1,50,3,139,8,130,6,65,5,0.141,1.22,1633.3,1760.0
12,000a001a98,Storm Cat,61,9,130,10,13,0,36,3,81,7,63,3,67,7,0.148,1.47,1533.3,1371.4
13,000a002071,Unbridled's Song,33,6,71,7,6,2,17,3,48,2,38,5,29,1,0.182,2.68,1920.0,1400.0
14,1990109700,ホワイトマズル,62,10,137,11,6,2,30,3,101,6,58,2,75,9,0.161,1.38,1800.0,1666.7
15,000a00010f,エンドスウィープ,50,12,104,15,5,0,33,7,66,8,46,6,56,9,0.24,1.52,1866.7,1711.1
16,2000101426,ネオユニヴァース,79,13,182,14,5,0,39,1,138,13,64,4,112,10,0.165,0.94,1550.0,1435.0
17,1989108341,サクラバクシンオー,114,11,256,12,6,0,46,4,204,8,114,5,135,7,0.096,0.63,1520.0,1378.6
18,1992190005,シングスピール,38,6,84,7,7,1,28,3,49,3,48,5,34,2,0.158,1.82,2100.0,1800.0
19,1998190004,ファルブラヴ,26,9,63,9,7,2,6,1,50,6,32,6,31,3,0.346,2.61,1500.0,1583.3
20,000a000013,アフリート,88,11,211,12,6,0,43,2,162,10,46,0,159,11,0.125,0.72,0.0,1563.6
21,000a00fd4c,ロックオブジブラルタル,39,6,80,6,9,1,22,3,49,2,46,5,32,1,0.154,1.53,1360.0,1400.0
22,1999100226,タニノギムレット,54,6,114,6,3,1,15,1,96,4,45,2,62,4,0.111,0.97,2200.0,1850.0
23,000a001849,Deputy Minister,16,5,33,6,4,2,6,1,23,3,7,2,26,4,0.313,3.24,1500.0,1450.0
24,1998101554,マンハッタンカフェ,89,11,189,12,3,0,21,2,165,10,64,5,117,5,0.124,0.58,1920.0,1760.0
25,1998101786,ジャングルポケット,63,8,134,8,8,0,13,1,113,7,67,4,66,4,0.127,0.79,1800.0,1500.0
26,000a00185d,Sadler's Wells,49,10,104,10,2,0,22,2,80,8,56,5,39,4,0.204,1.01,2220.0,1500.0
27,000a001d7e,Kingmambo,59,11,121,12,1,0,26,2,94,10,53,3,63,9,0.186,0.83,1733.3,1522.2
28,2002100816,ディープインパクト,78,9,164,9,6,0,23,2,135,7,93,7,67,2,0.115,0.62,1657.1,1500.0
29,000a002097,Mark of Esteem,4,1,5,2,2,2,0,0,3,0,3,2,1,0,0.25,12.07,1200.0,0.0
30,1995108676,グラスワンダー,38,6,81,6,7,1,19,1,55,4,32,3,49,3,0.158,1.25,1533.3,1666.7
31,1995108742,エルコンドルパサー,54,10,121,11,5,0,25,1,91,10,55,3,62,6,0.185,0.85,1933.3,1700.0
32,2000101517,ゼンノロブロイ,43,7,106,8,6,0,11,2,89,6,38,1,68,7,0.163,1.06,2000.0,1514.3
33,000a0000df,デヒア,32,6,69,6,3,1,18,2,48,3,25,2,43,4,0.188,1.42,2100.0,1400.0
34,1994109686,タイキシャトル,109,8,245,9,3,0,55,2,187,7,117,4,115,4,0.073,0.41,1350.0,1150.0
35,1997110025,アグネスデジタル,59,8,124,9,1,0,19,1,104,8,43,2,78,6,0.136,0.72,1600.0,1566.7
36,000a0001a7,ジェイドロバリー,39,8,90,8,1,0,19,1,70,7,28,3,52,4,0.205,1.03,2000.0,1375.0
37,1995108558,マイネルラヴ,40,5,91,5,5,1,17,1,69,3,46,2,40,2,0.125,0.99,1200.0,1800.0
38,000a000d69,スキャン,23,5,59,5,2,0,16,2,41,3,12,1,43,4,0.217,1.65,2500.0,1287.5
39,000a0000cc,ダンシングブレーヴ,31,5,77,5,3,0,20,1,54,4,25,2,48,3,0.161,1.22,1700.0,1566.7
40,1996106512,アドマイヤコジーン,13,3,38,3,3,1,9,0,26,2,18,2,20,1,0.231,2.88,1500.0,1800.0
41,000a00035c,サンダーガルチ,25,6,56,6,6,0,8,2,42,4,16,1,28,4,0.24,1.5,2000.0,1550.0
42,000a0022ea,Distorted Humor,20,5,42,6,3,1,17,1,22,4,21,2,21,4,0.25,1.87,1900.0,1425.0
43,000a011d8c,Flower Alley,2,2,6,2,2,1,1,0,3,1,6,2,0,0,1.0,18.62,2000.0,0.0
44,1993190001,エリシオ,28,5,59,6,3,1,18,0,38,5,30,3,27,3,0.179,1.28,1933.3,1433.3
45,000a0000b5,コロナドズクエスト,29,5,67,6,1,0,18,3,48,3,18,1,49,5,0.172,1.21,1400.0,1500.0
46,000a001c1d,Machiavellian,20,4,48,5,4,0,13,2,31,3,18,2,29,3,0.2,1.59,1600.0,1400.0
47,000a00035e,ティンバーカントリー,42,6,97,6,3,0,15,1,79,5,19,1,74,5,0.143,0.76,1600.0,1680.0
48,1996107396,アドマイヤベガ,39,8,86,9,0,0,13,1,73,8,35,3,50,6,0.205,0.81,1800.0,1525.0
49,1987107235,メジロマックイーン,34,5,72,5,5,0,19,2,48,3,44,3,26,2,0.147,0.9,1733.3,1500.0
50,000a0022af,Intikhab,5,1,9,1,3,1,3,0,3,0,6,1,3,0,0.2,6.02,2000.0,0.0
51,000a00232b,Galileo,12,4,31,5,1,1,4,0,26,4,20,5,11,0,0.333,2.5,1840.0,0.0
52,000a0000d1,デインヒル,24,3,62,3,6,0,10,2,46,1,30,2,32,1,0.125,1.25,1400.0,1800.0
53,000a0000b0,コマンダーインチーフ,44,4,100,4,1,0,17,1,82,3,49,2,49,2,0.091,0.63,1600.0,1400.0
54,000a00fcdd,More Than Ready,11,3,28,3,3,0,4,1,21,2,9,1,19,2,0.273,2.5,1200.0,1850.0
55,1993109219,バブルガムフェロー,45,6,89,6,1,0,13,1,75,5,27,0,62,6,0.133,0.61,0.0,1233.3
56,1999106689,ゴールドアリュール,33,9,84,11,0,0,12,1,72,10,22,3,61,8,0.273,0.83,1866.7,1512.5
57,000a000d9d,キャプテンスティーヴ,18,3,45,4,1,0,13,2,31,2,12,2,25,2,0.167,1.52,1200.0,1800.0
58,000a0022e1,Giant's Causeway,29,4,64,4,1,0,20,0,43,4,11,0,53,4,0.138,0.91,0.0,1637.5
59,000a0115e2,Dubawi,6,2,15,3,2,1,4,1,9,1,13,3,2,0,0.333,4.39,1666.7,0.0
60,000a000178,ヘネシー,11,2,29,2,4,0,4,1,21,1,12,0,13,1,0.182,2.34,0.0,1800.0
61,1995104427,キングヘイロー,33,7,86,7,2,0,10,1,74,6,25,0,57,7,0.212,0.77,0.0,1578.6
62,2003102991,アドマイヤムーン,23,6,66,6,3,0,4,0,59,6,26,2,40,4,0.261,1.09,1700.0,1512.5
63,1992103687,マーベラスサンデー,21,2,49,2,3,0,2,0,44,2,16,0,33,2,0.095,1.16,0.0,1550.0
64,000a0003a1,ワイルドラッシュ,35,5,88,6,0,0,14,0,74,6,23,1,61,5,0.143,0.68,1200.0,1680.0
65,000a00213e,Mr. Greeley,19,3,37,4,2,0,9,1,26,3,12,1,25,3,0.158,1.25,2200.0,1533.3
66,000a002328,Pivotal,11,1,25,2,4,0,5,2,16,0,20,2,5,0,0.091,2.12,1800.0,0.0
67,000a001bea,Seeking the Gold,31,5,62,5,0,0,7,0,55,5,20,2,42,3,0.161,0.75,1400.0,1400.0
68,000a001be1,Gone West,31,5,72,5,1,0,17,0,54,5,19,1,52,4,0.161,0.73,1400.0,1400.0
69,2001103038,ハーツクライ,27,2,68,3,1,0,10,1,57,2,37,2,27,0,0.074,0.84,2450.0,0.0
70,000a010906,Include,2,1,7,2,1,1,3,1,3,0,5,2,2,0,0.5,11.11,1600.0,0.0
71,1993190010,チーフベアハート,20,3,53,4,7,0,9,1,37,3,27,3,26,1,0.15,1.08,2333.3,1200.0
72,000a0022cf,Fusaichi Pegasus,38,4,83,4,1,0,14,0,68,4,32,2,50,2,0.105,0.56,1800.0,1300.0
73,000a011997,American Post,6,2,11,2,2,1,3,0,6,1,6,2,5,0,0.333,3.53,1800.0,0.0
74,000a0016eb,Caerleon,17,1,42,1,1,0,12,0,29,1,27,0,15,1,0.059,1.24,0.0,1700.0
75,000a001c5e,Rahy,14,2,31,3,0,0,11,3,20,0,14,1,17,2,0.143,1.49,1200.0,1200.0
76,000a0123ec,Roi Normand,2,1,4,2,1,1,2,1,1,0,3,2,1,0,0.5,10.38,2200.0,0.0
77,000a0119b8,Essence of Dubai,3,1,6,1,3,0,3,1,0,0,6,1,0,0,0.333,6.91,2200.0,0.0
78,000a001fa3,Silver Deputy,12,5,28,5,1,0,8,2,19,3,11,1,14,3,0.417,1.69,1600.0,1466.7
79,000a000148,ジェネラス,14,2,34,2,2,1,3,0,29,1,11,1,19,1,0.143,1.43,1600.0,2400.0
80,000a000006,トワイニング,34,3,83,3,2,0,10,1,71,2,26,2,57,1,0.088,0.58,1300.0,1200.0
81,000a000d6b,ヘクタープロテクター,30,3,60,3,5,0,10,0,45,3,33,1,21,2,0.1,0.66,2200.0,1900.0
82,000a000348,タバスコキャット,20,4,48,4,2,0,9,2,37,2,10,0,31,3,0.2,0.97,0.0,1766.7
83,000a000d5d,アジュディケーティング,22,4,59,5,4,0,9,1,46,4,15,2,44,3,0.182,0.88,1800.0,1566.7
84,000a00007c,ボストンハーバー,23,4,53,4,1,0,13,1,39,3,19,1,32,2,0.174,0.83,1200.0,1300.0
85,000a0103ba,Street Cry,11,4,25,4,1,0,7,1,17,3,13,1,12,3,0.364,1.68,1800.0,1666.7
86,000a001d37,A.P. Indy,25,2,54,2,2,0,7,0,45,2,16,1,38,1,0.08,0.73,2000.0,1800.0
87,000a0019b4,Silver Hawk,12,3,20,3,4,0,6,2,10,1,15,2,3,0,0.25,1.51,1800.0,0.0
88,1987105368,メジロライアン,25,4,59,4,1,0,21,1,37,3,38,3,20,1,0.16,0.72,2133.3,1800.0
89,000a001bed,Theatrical,14,1,30,2,1,0,9,2,20,0,12,0,14,2,0.071,1.28,0.0,1500.0
90,1989109110,パラダイスクリーク,22,3,55,3,0,0,14,1,41,2,21,1,32,2,0.136,0.81,1400.0,1400.0
91,1985103538,サッカーボーイ,18,3,53,3,2,0,17,1,34,2,25,2,25,1,0.167,0.97,2200.0,1400.0
92,000a0022ae,Cape Cross,13,2,23,2,1,0,8,1,14,1,15,1,8,1,0.154,1.29,1200.0,1900.0
93,000a010a10,ロージズインメイ,14,5,36,5,2,0,5,1,29,4,18,3,18,2,0.357,1.2,1666.7,1500.0
94,000a00fdbd,Point Given,5,4,12,4,0,0,5,1,7,3,2,0,7,3,0.8,3.28,0.0,1533.3
95,000a00fa33,カリズマティック,13,2,30,2,0,0,12,1,18,1,9,1,21,1,0.154,1.25,1800.0,1400.0
96,000a002309,Danehill Dancer,8,3,14,4,0,0,4,1,10,3,7,2,5,0,0.375,2.02,1900.0,0.0
97,000a0017b0,Miswaki,15,1,43,1,0,0,9,0,34,1,13,0,29,1,0.067,1.08,0.0,1200.0
98,000a00fe93,Redoute's Choice,4,1,5,1,2,0,2,1,1,0,5,1,0,0,0.25,3.97,1600.0,0.0
99,000a0017d2,Green Desert,17,3,49,3,0,0,11,0,38,3,31,2,17,1,0.176,0.92,1200.0,1700.0
100,000a00185a,Capote,8,1,20,1,2,0,6,0,12,1,10,0,10,1,0.125,1.9,0.0,1400.0
101,1994105719,サニーブライアン,7,2,16,4,0,0,4,0,12,4,4,0,9,2,0.286,2.16,0.0,1850.0
102,000a00fa35,ウォーエンブレム,18,2,38,2,3,0,9,1,26,1,14,2,21,0,0.111,0.84,2000.0,0.0
103,000a001c68,Red Ransom,13,3,30,3,0,0,5,1,25,2,14,3,11,0,0.231,1.16,1533.3,0.0
104,000a002285,Maria's Mon,5,3,14,4,0,0,5,1,9,3,3,2,11,2,0.6,2.98,1700.0,1800.0
105,000a000843,ウォーニング,12,2,27,2,0,0,8,1,19,1,8,0,13,1,0.167,1.2,0.0,1200.0
106,000a000325,スピニングワールド,15,3,32,3,0,0,12,1,20,2,19,1,13,2,0.2,0.95,1600.0,1700.0
107,000a001bda,Cozzene,16,3,33,3,2,0,12,0,19,3,15,2,16,1,0.188,0.88,2100.0,1800.0
108,000a0000f0,ディクタット,6,2,11,2,2,0,3,1,6,1,8,2,1,0,0.333,2.32,1800.0,0.0
109,000a001c5f,With Approval,7,0,19,0,3,0,4,0,12,0,4,0,12,0,0.0,1.96,0.0,0.0
110,000a00fa34,スウェプトオーヴァーボード,20,1,38,1,1,0,6,1,31,0,20,1,18,0,0.05,0.68,1200.0,0.0
111,1983109000,アレミロード,4,1,6,1,1,1,1,0,4,0,2,1,4,0,0.25,3.37,3400.0,0.0
112,1988101025,トウカイテイオー,23,3,48,3,7,0,7,0,34,3,28,1,17,1,0.13,0.58,1800.0,1200.0
113,1990102314,ウイニングチケット,9,1,27,1,2,0,6,0,19,1,10,0,17,1,0.111,1.49,0.0,1900.0
114,000a0022b9,Grand Slam,20,2,39,2,2,0,8,1,29,1,13,1,25,1,0.1,0.67,1600.0,1800.0
115,000a01053e,Smarty Jones,4,1,8,1,3,0,2,0,3,1,7,1,1,0,0.25,3.25,1600.0,0.0
116,000a0001aa,ジョリーズヘイロー,15,1,41,1,0,0,12,0,29,1,4,0,37,1,0.067,0.85,0.0,1800.0
117,000a01098f,Dalakhani,5,1,9,1,1,1,0,0,8,0,3,1,6,0,0.2,2.55,1600.0,0.0
118,000a0001d4,ラムタラ,25,1,57,1,2,0,25,0,30,1,32,1,24,0,0.04,0.5,2000.0,0.0
119,1994108729,ステイゴールド,29,2,57,2,4,0,10,0,43,2,36,1,21,1,0.069,0.42,2000.0,1000.0
120,000a000d94,オース,10,3,25,4,3,0,6,1,16,3,11,0,13,4,0.3,1.21,0.0,1550.0
121,000a000162,グルームダンサー,3,2,10,4,1,0,3,1,6,3,7,4,3,0,0.667,4.01,1650.0,0.0
122,1986109001,カコイーシーズ,18,1,40,2,0,0,9,1,31,1,8,0,31,2,0.056,0.66,0.0,1200.0
123,000a010db6,Monsun,23,1,48,1,1,0,6,0,41,1,31,1,12,0,0.043,0.51,2400.0,0.0
124,000a002329,Sinndar,6,2,14,2,0,0,5,1,9,1,9,1,5,1,0.333,1.94,1800.0,1800.0
125,1985109002,アサティス,16,1,38,1,2,0,7,1,29,0,3,0,32,1,0.063,0.72,0.0,1900.0
126,1993109220,フサイチコンコルド,28,4,59,4,0,0,3,0,56,4,25,1,31,3,0.143,0.41,1200.0,1666.7
127,000a002326,Orpen,4,2,10,2,2,0,2,0,6,2,10,2,0,0,0.5,2.87,1600.0,0.0
128,000a0105b8,Proud Citizen,2,2,5,3,0,0,3,2,2,1,4,2,1,1,1.0,5.68,2150.0,1800.0
129,000a0116a1,ハードスパン,5,2,10,2,4,0,0,0,6,2,4,0,6,2,0.4,2.27,0.0,1200.0
130,000a000d77,オペラハウス,29,2,57,2,1,0,6,0,50,2,23,0,29,1,0.069,0.39,0.0,2400.0
131,000a010601,Fastnet Rock,1,1,2,1,2,1,0,0,0,0,2,1,0,0,1.0,11.19,1600.0,0.0
132,000a000093,カーネギー,12,2,23,2,3,0,7,0,13,2,16,2,6,0,0.167,0.92,1400.0,0.0
133,1993103280,エイシンサンディ,10,2,17,2,0,0,6,1,11,1,8,0,9,2,0.2,1.09,0.0,1200.0
134,000a00006e,ブラックタイアフェアー,13,2,31,2,1,0,9,0,21,2,16,0,11,2,0.154,0.83,0.0,1800.0
135,000a0108d1,ケイムホーム,6,1,17,1,0,0,5,1,12,0,1,0,16,1,0.167,1.81,0.0,1800.0
136,000a01069b,Songandaprayer,4,1,9,1,2,0,2,0,5,1,4,0,5,1,0.25,2.69,0.0,1200.0
137,1982101222,サクラユタカオー,11,1,27,1,0,0,8,1,19,0,14,1,10,0,0.091,0.97,1200.0,0.0
138,1991103498,サクラローレル,14,2,32,2,2,0,7,1,23,1,9,0,23,2,0.143,0.75,0.0,1800.0
139,2000190010,アルカセット,14,2,28,2,0,0,3,1,25,1,11,1,15,1,0.143,0.74,1200.0,1800.0
140,2000102261,サクラプレジデント,8,3,18,3,2,0,2,1,14,2,8,1,10,2,0.375,1.29,1200.0,1600.0
141,1991108889,ナリタブライアン,6,2,13,2,1,0,5,1,7,1,7,1,3,0,0.333,1.72,2000.0,0.0
142,000a000271,パントレセレブル,11,0,19,0,1,0,9,0,9,0,13,0,6,0,0.0,0.93,0.0,0.0
143,000a0111fe,Bernardini,10,2,26,2,0,0,5,1,21,1,7,0,19,2,0.2,1.02,0.0,1650.0
144,000a00184b,Mt. Livermore,11,1,24,1,0,0,4,0,20,1,4,0,16,0,0.091,0.93,0.0,0.0
145,000a010a65,Medaglia d'Oro,13,3,32,3,1,0,6,0,25,3,14,1,18,2,0.231,0.78,2000.0,1750.0
146,000a0000e9,ディアブロ,11,0,27,0,1,0,8,0,18,0,6,0,20,0,0.0,0.92,0.0,0.0
147,000a00fa41,ストラヴィンスキー,14,1,27,1,0,0,6,1,21,0,6,0,21,1,0.071,0.71,0.0,1800.0
148,000a0002a6,リアルシャダイ,12,1,26,1,0,0,6,0,20,1,10,1,14,0,0.083,0.82,2200.0,0.0
149,000a0021a7,Afternoon Deelites,2,1,6,1,0,0,3,1,3,0,0,0,6,1,0.5,4.92,0.0,1400.0
150,000a002276,Tale of the Cat,7,1,15,1,0,0,4,1,11,0,2,0,10,1,0.143,1.4,0.0,1400.0
151,000a0022d0,Lemon Drop Kid,4,2,10,2,0,0,5,1,5,1,2,1,8,1,0.5,2.42,2400.0,1800.0
152,000a0022d2,キングズベスト,7,1,19,1,0,0,3,0,16,1,15,1,4,0,0.143,1.37,1600.0,0.0
153,000a001f34,Grand Lodge,8,0,22,0,0,0,10,0,12,0,15,0,4,0,0.0,1.16,0.0,0.0
154,000a010238,El Corredor,7,1,13,1,0,0,4,0,9,1,1,0,8,1,0.143,1.32,0.0,1200.0
155,000a010c92,Shamardal,6,2,16,2,0,0,3,1,13,1,6,2,10,0,0.333,1.54,1300.0,0.0
156,000a001815,Diesis,2,1,6,2,1,0,1,1,4,1,6,2,0,0,0.5,4.56,1600.0,0.0
157,1996190001,モンジュー,12,2,22,2,0,0,7,0,15,2,13,1,8,1,0.167,0.74,1800.0,2100.0
158,000a00193b,Crafty Prospector,5,2,11,2,1,0,3,1,7,1,3,0,8,2,0.4,1.75,0.0,1600.0
159,1992102988,マヤノトップガン,28,1,78,1,1,0,23,0,54,1,41,0,37,1,0.036,0.31,0.0,1800.0
160,000a00fcd8,Indian Charlie,7,2,15,3,0,0,2,0,13,3,5,0,10,3,0.286,1.24,0.0,1466.7
161,000a000d30,ジャッジアンジェルーチ,3,1,10,1,0,0,9,0,1,1,8,1,2,0,0.333,2.87,1400.0,0.0
162,1992109612,タヤスツヨシ,14,2,34,2,2,0,7,0,25,2,9,1,25,1,0.143,0.61,2000.0,1600.0
163,000a00214a,Cherokee Run,6,3,12,3,0,0,1,0,11,3,3,1,9,2,0.5,1.42,1600.0,1275.0
164,000a011200,Speightstown,4,2,8,2,1,0,1,1,6,1,2,1,6,1,0.5,2.11,1400.0,1400.0
165,000a00185c,Highest Honor,6,2,12,2,0,0,3,1,9,1,8,2,4,0,0.333,1.4,1900.0,0.0
166,1977103827,アンバーシャダイ,13,1,41,1,3,0,14,0,24,1,25,1,13,0,0.077,0.64,2000.0,0.0
167,000a011ab8,Holy Roman Emperor,3,1,5,1,1,0,1,1,3,0,5,1,0,0,0.333,2.73,1600.0,0.0
168,000a010525,Ghostzapper,4,1,6,1,1,0,3,1,2,0,5,1,1,0,0.25,2.0,2000.0,0.0
169,1984101673,タマモクロス,8,1,17,1,2,0,5,1,10,0,8,0,4,0,0.125,0.98,0.0,0.0
170,000a010610,Saint Liam,5,2,12,2,1,0,0,0,11,2,4,0,8,2,0.4,1.55,0.0,1550.0
171,2001103114,ダイワメジャー,18,2,35,2,1,0,2,0,32,2,18,1,17,1,0.111,0.43,1800.0,1200.0
172,000a001c66,Mtoto,2,1,6,1,0,0,3,1,3,0,6,1,0,0,0.5,3.8,2000.0,0.0
173,000a010a60,Dubai Destination,5,1,11,2,0,0,2,1,9,1,8,0,3,2,0.2,1.52,0.0,1175.0
174,000a000212,ミシエロ,2,1,5,1,0,0,3,0,2,1,1,0,4,1,0.5,3.78,0.0,1400.0
175,1992109450,ジェニュイン,11,3,34,3,1,0,10,0,23,3,7,1,25,2,0.273,0.68,1800.0,1500.0
176,1996110138,サウスヴィグラス,17,1,41,1,0,0,3,0,38,1,6,0,35,1,0.059,0.44,0.0,1200.0
177,000a010a79,Tejano Run,2,1,7,1,2,0,1,1,4,0,7,1,0,0,0.5,3.75,1600.0,0.0
178,000a0017b2,Dixieland Band,9,0,18,0,3,0,4,0,11,0,10,0,8,0,0.0,0.83,0.0,0.0
179,000a011591,Congaree,2,2,5,2,0,0,1,0,4,2,3,1,2,1,1.0,3.72,1400.0,1800.0
180,000a00fe91,Lomitas,2,1,5,1,2,0,2,0,1,1,5,1,0,0,0.5,3.68,1600.0,0.0
181,000a00231f,Elusive Quality,10,2,21,3,0,0,3,0,18,3,5,0,16,3,0.2,0.73,0.0,1183.3
182,000a002072,Honour and Glory,4,1,9,1,6,0,0,0,3,1,3,0,6,1,0.25,1.83,0.0,1400.0
183,1992190007,ペンタイア,3,2,6,2,0,0,2,0,4,2,2,1,4,1,0.667,2.44,1600.0,1700.0
184,000a010a77,Big Shuffle,2,1,6,1,0,0,2,1,4,0,2,1,4,0,0.5,3.65,1400.0,0.0
185,000a0118fe,Unusual Heat,5,1,8,2,0,0,3,1,5,1,7,2,1,0,0.2,1.43,1500.0,0.0
186,000a0114fc,Loup Solitaire,3,1,8,2,4,0,1,1,3,1,7,2,1,0,0.333,2.38,1700.0,0.0
187,1990109208,エーピーダンサー,2,2,7,2,0,0,0,0,7,2,0,0,7,2,1.0,3.54,0.0,1500.0
188,1997110118,イーグルカフェ,5,1,13,1,0,0,1,0,12,1,6,0,7,1,0.2,1.39,0.0,1400.0
189,000a002133,Pulpit,12,1,28,1,1,0,5,0,22,1,6,0,22,1,0.083,0.58,0.0,1400.0
190,000a002109,Devil His Due,3,1,11,1,1,0,2,0,8,1,2,0,9,1,0.333,2.26,0.0,1800.0
191,000a000d87,ロイヤルアカデミーII,5,1,10,2,0,0,4,0,6,2,0,0,10,2,0.2,1.32,0.0,1800.0
192,000a001fab,Selkirk,5,2,11,2,0,0,3,1,8,1,8,2,3,0,0.4,1.32,1900.0,0.0
193,000a010270,High Chaparral,8,1,20,2,2,0,5,0,13,2,13,2,7,0,0.125,0.82,1200.0,0.0
194,000a01124c,Posse,4,1,8,1,0,0,3,1,5,0,4,1,4,0,0.25,1.64,1200.0,0.0
195,000a00fa36,マリエンバード,9,0,28,0,3,0,0,0,25,0,15,0,10,0,0.0,0.73,0.0,0.0
196,000a00fc4c,ファスリエフ,13,1,30,1,0,0,8,0,22,1,14,0,15,1,0.077,0.5,0.0,1400.0
197,000a00fdb3,Old Trieste,7,0,16,0,2,0,1,0,13,0,4,0,12,0,0.0,0.93,0.0,0.0
198,000a00199d,Lear Fan,3,0,6,0,3,0,2,0,1,0,1,0,3,0,0.0,2.17,0.0,0.0
199,000a011248,Tapit,11,1,19,1,1,0,2,0,16,1,9,0,10,1,0.091,0.58,0.0,1400.0
200,000a010ee2,Lion Heart,3,1,4,1,1,0,2,1,1,0,3,1,1,0,0.333,2.12,1600.0,0.0
201,1994109681,トーヨーレインボー,2,1,8,1,0,0,3,0,5,1,0,0,8,1,0.5,3.17,0.0,1200.0
202,000a00212e,Saint Ballado,5,1,14,1,0,0,1,0,13,1,1,0,13,1,0.2,1.25,0.0,1700.0
203,000a000d7f,エルハーブ,6,1,14,1,1,0,2,1,11,0,3,1,9,0,0.167,1.04,2000.0,0.0
204,000a010b7e,Monarchos,2,1,6,1,0,0,2,0,4,1,6,1,0,0,0.5,3.1,1200.0,0.0
205,000a0015fc,Seattle Slew,5,1,9,1,0,0,2,1,7,0,7,1,2,0,0.2,1.23,2000.0,0.0
206,000a001676,Nureyev,6,0,10,0,0,0,6,0,4,0,5,0,5,0,0.0,1.03,0.0,0.0
207,000a000d73,シャンハイ,11,1,29,1,0,0,7,0,22,1,9,0,18,1,0.091,0.55,0.0,1800.0
208,000a013643,Free House,1,1,2,1,1,0,1,1,0,0,2,1,0,0,1.0,6.05,1400.0,0.0
209,000a010a5f,Dansili,7,0,13,0,0,0,3,0,10,0,7,0,6,0,0.0,0.86,0.0,0.0
210,000a000354,テンビー,4,2,8,2,0,0,3,0,5,2,1,0,7,2,0.5,1.48,0.0,1700.0
211,000a00003b,アラジ,3,2,8,2,0,0,2,0,6,2,3,0,5,2,0.667,1.95,0.0,1500.0
212,000a00211c,Smart Strike,11,1,24,1,1,0,1,0,22,1,17,1,6,0,0.091,0.53,1600.0,0.0
213,000a010538,Efisio,2,1,3,1,0,0,1,1,2,0,1,1,2,0,0.5,2.89,2200.0,0.0
214,000a001f5a,Salt Lake,13,0,36,0,1,0,8,0,27,0,7,0,28,0,0.0,0.44,0.0,0.0
215,1989109102,ドクターデヴィアス,6,1,12,1,2,0,1,0,9,1,8,1,2,0,0.167,0.94,1200.0,0.0
216,000a0000d3,Danzig,9,1,20,1,1,0,5,0,14,1,14,0,6,1,0.111,0.63,0.0,1800.0
217,000a001cb4,Alzao,7,0,17,0,0,0,5,0,12,0,9,0,8,0,0.0,0.8,0.0,0.0
218,1999106756,デュランダル,12,1,27,1,0,0,7,0,20,1,15,0,12,1,0.083,0.46,0.0,1800.0
219,1998190003,ストーミングホーム,2,1,8,1,0,0,1,0,7,1,1,0,7,1,0.5,2.72,0.0,1200.0
220,000a001dd9,Dynaformer,6,1,14,1,0,0,4,0,10,1,11,0,3,1,0.167,0.88,0.0,1800.0
221,000a011cf9,Bellamy Road,2,2,7,2,0,0,0,0,7,2,0,0,7,2,1.0,2.63,0.0,1500.0
222,000a010cdf,Harlan's Holiday,3,2,10,2,0,0,2,0,8,2,6,1,4,1,0.667,1.74,2000.0,1900.0
223,000a0016f2,Kris S.,6,1,13,1,0,0,2,0,11,1,8,0,5,1,0.167,0.87,0.0,1800.0
224,000a011434,Freud,4,1,6,2,0,0,2,1,4,1,5,2,1,0,0.25,1.29,1900.0,0.0
225,000a01025d,Green Tune,2,1,3,2,0,0,2,1,1,1,3,2,0,0,0.5,2.56,1800.0,0.0
226,000a00228f,In Excess,2,0,4,0,3,0,0,0,1,0,3,0,1,0,0.0,2.54,0.0,0.0
227,000a001dde,Polish Precedent,3,0,5,0,3,0,1,0,1,0,2,0,3,0,0.0,1.69,0.0,0.0
228,1999107004,アドマイヤマックス,4,2,11,2,0,0,0,0,11,2,2,0,9,2,0.5,1.26,0.0,1500.0
229,000a0021de,Petionville,2,0,3,0,1,0,0,0,2,0,1,0,2,0,0.0,2.52,0.0,0.0
230,000a002191,Numerous,3,0,10,0,3,0,2,0,5,0,6,0,4,0,0.0,1.65,0.0,0.0
231,000a00226b,Roy,1,1,2,1,1,0,1,1,0,0,2,1,0,0,1.0,4.91,1800.0,0.0
232,000a011d94,Richly Blended,2,1,7,1,1,0,2,1,4,0,3,1,4,0,0.5,2.42,1800.0,0.0
233,000a001fb5,El Prado,12,2,28,2,0,0,2,0,26,2,6,0,21,2,0.167,0.4,0.0,1300.0
234,000a000d4c,マジックマイルズ,2,1,4,1,0,0,3,1,1,0,3,1,1,0,0.5,2.4,2000.0,0.0
235,000a0021b7,Arch,2,1,3,1,0,0,2,1,1,0,3,1,0,0,0.5,2.37,2000.0,0.0
236,000a00185f,Wild Again,7,1,18,1,0,0,6,0,12,1,7,0,11,1,0.143,0.67,0.0,1700.0
237,1997101264,ゴールドヘイロー,7,2,13,2,0,0,2,0,11,2,1,0,12,2,0.286,0.67,0.0,1200.0
238,000a00fe97,Bertolini,3,2,8,2,0,0,0,0,8,2,2,1,6,1,0.667,1.55,1800.0,1400.0
239,000a001ff2,Belong to Me,3,1,5,1,1,0,2,1,2,0,3,1,1,0,0.333,1.55,1200.0,0.0
240,000a010001,Danzero,3,1,8,1,0,0,4,1,4,0,4,1,4,0,0.333,1.53,1200.0,0.0
241,000a001ea6,Sky Classic,4,1,10,1,1,0,7,0,2,1,9,1,1,0,0.25,1.14,1800.0,0.0
242,000a001cba,Moscow Ballet,3,1,9,1,0,0,4,0,5,1,6,1,3,0,0.333,1.52,1600.0,0.0
243,000a0021d8,Forest Wildcat,4,2,11,2,1,0,0,0,10,2,1,0,10,2,0.5,1.14,0.0,1100.0
244,000a000d48,キンググローリアス,16,1,27,1,0,0,3,0,24,1,5,0,21,1,0.063,0.28,0.0,1800.0
245,000a0003bd,マルゼンスキー,6,1,18,1,0,0,1,0,17,1,7,0,11,1,0.167,0.75,0.0,1800.0
246,000a0103b9,ヨハネスブルグ,7,0,16,0,0,0,2,0,14,0,10,0,6,0,0.0,0.64,0.0,0.0
247,000a0114fa,Eltish,2,1,5,1,0,0,2,1,3,0,4,1,1,0,0.5,2.26,1800.0,0.0
248,000a010bae,Bernstein,7,1,12,1,0,0,3,0,9,1,7,1,5,0,0.143,0.64,1600.0,0.0
249,000a0123ea,Awesome of Course,1,1,3,1,0,0,3,1,0,0,3,1,0,0,1.0,4.49,2400.0,0.0
250,1991103224,シアトルスズカ,1,0,5,0,0,0,1,0,4,0,0,0,5,0,0.0,4.47,0.0,0.0
251,1995107978,エアジハード,16,0,36,0,0,0,8,0,28,0,22,0,14,0,0.0,0.28,0.0,0.0
252,000a00fc4e,Souvenir Copy,2,0,3,0,1,0,2,0,0,0,3,0,0,0,0.0,2.22,0.0,0.0
253,000a00fe9b,プリサイスエンド,8,2,17,2,0,0,3,0,14,2,5,0,12,2,0.25,0.55,0.0,1350.0
254,1997110179,ゼンノエルシド,5,0,10,0,3,0,0,0,7,0,7,0,3,0,0.0,0.88,0.0,0.0
255,000a00fea3,TOBOUGG,2,1,5,1,0,0,4,0,1,1,0,0,5,1,0.5,2.2,0.0,1800.0
256,000a000054,Barathea,5,1,8,1,0,0,1,0,7,1,4,1,4,0,0.2,0.86,2000.0,0.0
257,000a00220d,Flying Spur,3,1,7,1,1,0,3,1,3,0,5,1,2,0,0.333,1.42,1200.0,0.0
258,000a010002,Running Stag,4,2,8,2,0,0,1,0,7,2,1,0,7,2,0.5,1.06,0.0,1400.0
259,000a001bf8,Trempolino,2,1,5,1,0,0,0,0,5,1,0,0,5,1,0.5,2.12,0.0,1800.0
260,000a011fae,Not For Sale,3,2,5,2,0,0,1,0,4,2,5,2,0,0,0.667,1.41,1800.0,0.0
261,000a01064e,アルムタワケル,4,0,8,0,0,0,3,0,5,0,2,0,6,0,0.0,1.05,0.0,0.0
262,000a00fdbe,Dixie Union,4,1,10,1,1,0,0,0,9,1,2,1,8,0,0.25,1.05,1600.0,0.0
263,000a011134,Labeeb,3,0,10,0,1,0,4,0,5,0,6,0,4,0,0.0,1.39,0.0,0.0
264,000a002322,Rainbow Corner,2,2,6,2,0,0,1,0,5,2,3,1,3,1,1.0,2.08,1600.0,1700.0
265,000a00232a,Starborough,1,1,3,1,0,0,0,0,3,1,0,0,3,1,1.0,4.12,0.0,1400.0
266,000a0022cd,Touch Gold,5,1,13,1,0,0,2,0,11,1,7,1,6,0,0.2,0.81,1800.0,0.0
267,000a011433,Exchange Rate,8,0,16,0,3,0,2,0,11,0,11,0,3,0,0.0,0.5,0.0,0.0
268,000a010d4d,Hawk Wing,3,1,6,1,0,0,1,0,5,1,5,1,1,0,0.333,1.33,2000.0,0.0
269,1996100292,テイエムオペラオー,10,1,28,1,0,0,1,0,27,1,5,0,23,1,0.1,0.39,0.0,1400.0
270,000a001f0b,Acatenango,8,0,13,0,0,0,4,0,9,0,10,0,3,0,0.0,0.49,0.0,0.0
271,000a0021cb,Awesome Again,5,1,7,1,0,0,1,0,6,1,3,0,4,1,0.2,0.78,0.0,1800.0
272,000a00222a,Gold Fever,1,1,4,1,0,0,0,0,4,1,0,0,4,1,1.0,3.9,0.0,1900.0
273,000a010c8e,Malibu Moon,5,1,12,1,1,0,5,1,6,0,7,1,5,0,0.2,0.78,2000.0,0.0
274,1995101767,メイショウオウドウ,6,1,17,1,0,0,0,0,17,1,2,0,15,1,0.167,0.64,0.0,1200.0
275,000a00223f,Sri Pekan,2,0,4,0,0,0,3,0,1,0,4,0,0,0,0.0,1.91,0.0,0.0
276,000a00fcdf,Cat Thief,1,1,4,1,0,0,0,0,4,1,0,0,4,1,1.0,3.81,0.0,1400.0
277,000a0000e7,デザートキング,10,1,26,1,0,0,2,0,24,1,11,0,15,1,0.1,0.38,0.0,1200.0
278,000a0113ee,Kornado,1,0,4,0,0,0,0,0,4,0,0,0,4,0,0.0,3.78,0.0,0.0
279,000a001cd0,Unbridled,7,1,16,1,0,0,4,0,12,1,12,1,2,0,0.143,0.54,1800.0,0.0
280,1988107894,リンドシェーバー,11,1,23,1,2,0,5,0,16,1,3,0,19,1,0.091,0.34,0.0,1200.0
281,000a01056d,Invincible Spirit,8,0,18,0,0,0,3,0,15,0,7,0,11,0,0.0,0.46,0.0,0.0
282,000a001e23,Linamix,3,1,6,1,1,0,0,0,5,1,5,1,1,0,0.333,1.22,1800.0,0.0
283,000a010651,Notebook,1,1,4,1,0,0,2,0,2,1,4,1,0,0,1.0,3.57,1400.0,0.0
284,000a001fb6,Marju,5,0,9,0,2,0,2,0,5,0,8,0,1,0,0.0,0.71,0.0,0.0
285,000a011135,チチカステナンゴ,2,0,5,0,2,0,1,0,2,0,4,0,1,0,0.0,1.77,0.0,0.0
286,000a0111cf,Lost Soldier,2,1,4,1,0,0,0,0,4,1,2,0,1,0,0.5,1.75,0.0,0.0
287,000a000d99,スキャターザゴールド,4,1,15,1,0,0,2,0,13,1,1,0,13,1,0.25,0.87,0.0,1900.0
288,000a01196d,Sholokhov,3,1,4,1,0,0,1,0,3,1,4,1,0,0,0.333,1.16,2600.0,0.0
289,1998102595,ショウナンカンプ,3,1,10,1,0,0,0,0,10,1,3,0,7,1,0.333,1.16,0.0,1300.0
290,000a010542,エンパイアメーカー,5,1,12,1,1,0,0,0,11,1,4,0,8,1,0.2,0.69,0.0,1800.0
291,000a010bac,Refuse To Bend,3,1,6,1,1,0,1,0,4,1,4,1,2,0,0.333,1.13,1600.0,0.0
292,000a00025e,オジジアン,7,1,19,1,0,0,4,0,15,1,7,0,10,1,0.143,0.48,0.0,1800.0
293,000a01169b,Birdstone,2,1,3,1,0,0,0,0,3,1,0,0,3,1,0.5,1.65,0.0,1800.0
294,000a010b85,Stormy Atlantic,2,1,4,1,0,0,1,0,3,1,0,0,4,1,0.5,1.65,0.0,1200.0
295,1989109107,プラティニ,2,1,5,1,0,0,3,0,2,1,4,1,1,0,0.5,1.65,1600.0,0.0
296,000a0001d6,ラストタイクーン,4,1,14,1,0,0,6,0,8,1,3,0,11,1,0.25,0.83,0.0,1150.0
297,000a001cd6,Gulch,7,1,21,1,0,0,5,0,16,1,6,0,15,1,0.143,0.47,0.0,1800.0
298,000a01053b,Azamour,3,0,6,0,2,0,1,0,3,0,4,0,2,0,0.0,1.09,0.0,0.0
299,000a010654,Forest Camp,3,1,7,1,0,0,1,0,6,1,1,0,6,1,0.333,1.09,0.0,1600.0
300,000a002161,Distant View,6,0,13,0,0,0,3,0,10,0,3,0,10,0,0.0,0.55,0.0,0.0
301,1995190004,タイガーヒル,1,0,2,0,1,0,1,0,0,0,2,0,0,0,0.0,3.25,0.0,0.0
302,1999109275,サニングデール,1,1,3,1,1,0,0,0,2,1,3,1,0,0,1.0,3.18,1400.0,0.0
303,000a0016d4,Storm Bird,4,1,11,1,0,0,1,0,10,1,3,0,8,1,0.25,0.79,0.0,1700.0
304,000a0109d3,Mizzen Mast,4,1,9,1,0,0,3,0,6,1,0,0,9,1,0.25,0.77,0.0,1200.0
305,1985109001,キャロルハウス,3,0,7,0,0,0,1,0,6,0,3,0,4,0,0.0,1.02,0.0,0.0
306,1987102798,ダイタクヘリオス,1,0,6,0,0,0,0,0,6,0,0,0,6,0,0.0,3.07,0.0,0.0
307,000a00227c,シルバーチャーム,6,1,11,1,0,0,0,0,11,1,3,0,7,1,0.167,0.5,0.0,1800.0
308,000a01025b,Stuka,3,0,7,0,0,0,2,0,5,0,3,0,4,0,0.0,1.0,0.0,0.0
309,000a011072,ディラントーマス,2,0,4,0,2,0,0,0,2,0,2,0,2,0,0.0,1.5,0.0,0.0
310,000a001ef3,Indian Ridge,3,1,8,1,0,0,0,0,8,1,0,0,8,1,0.333,1.0,0.0,1800.0
311,000a010a94,E Dubai,2,1,6,1,0,0,0,0,6,1,3,0,3,1,0.5,1.48,0.0,1200.0
312,000a001d7d,Zafonic,3,0,7,0,2,0,0,0,5,0,4,0,3,0,0.0,0.99,0.0,0.0
313,000a000258,ノーザンテースト,16,0,30,0,0,0,11,0,19,0,8,0,18,0,0.0,0.18,0.0,0.0
314,000a01173d,Bluegrass Cat,6,1,11,1,0,0,0,0,11,1,3,0,8,1,0.167,0.49,0.0,1400.0
315,000a0022d1,Dubai Millennium,5,0,6,0,2,0,0,0,4,0,4,0,2,0,0.0,0.59,0.0,0.0
316,000a001be0,Gold Alert,1,0,5,0,0,0,5,0,0,0,0,0,5,0,0.0,2.92,0.0,0.0
317,000a001c96,パレスミュージック,1,0,4,0,0,0,3,0,1,0,0,0,0,0,0.0,2.88,0.0,0.0
318,000a000d9e,ムタファーウエク,6,1,14,1,0,0,5,0,9,1,12,1,2,0,0.167,0.48,2200.0,0.0
319,1997105873,ダイタクリーヴァ,1,1,2,1,0,0,1,0,1,1,2,1,0,0,1.0,2.83,1200.0,0.0
320,000a000187,ハウスバスター,2,1,7,1,2,0,0,0,5,1,3,1,2,0,0.5,1.42,1400.0,0.0
321,000a00196b,Kaldoun,6,0,13,0,2,0,1,0,10,0,8,0,5,0,0.0,0.47,0.0,0.0
322,000a010a19,Medicean,2,1,3,1,0,0,1,0,2,1,3,1,0,0,0.5,1.39,1600.0,0.0
323,000a001fbc,Gilded Time,2,1,4,1,0,0,2,0,2,1,0,0,4,1,0.5,1.38,0.0,1200.0
324,000a000d6c,タイトスポット,2,0,3,0,0,0,0,0,3,0,1,0,0,0,0.0,1.38,0.0,0.0
325,000a00ff42,Vicar,4,0,9,0,0,0,1,0,8,0,1,0,8,0,0.0,0.69,0.0,0.0
326,000a010d4e,Oratorio,3,0,5,0,0,0,3,0,2,0,5,0,0,0,0.0,0.91,0.0,0.0
327,000a001d8b,Dayjur,3,1,7,1,0,0,0,0,7,1,0,0,7,1,0.333,0.9,0.0,1700.0
328,000a000287,ポリッシュネイビー,4,1,9,1,1,0,0,0,8,1,3,0,6,1,0.25,0.68,0.0,1400.0
329,1994109361,ブラックホーク,7,1,18,1,0,0,1,0,17,1,5,0,13,1,0.143,0.37,0.0,2100.0
330,000a011ff1,Cactus Ridge,1,0,2,0,0,0,2,0,0,0,2,0,0,0,0.0,2.56,0.0,0.0
331,000a000d90,ホークアタック,2,1,8,1,1,0,4,0,3,1,7,1,1,0,0.5,1.27,2200.0,0.0
332,000a00fe92,Buddha,2,1,6,1,0,0,1,0,5,1,1,0,5,1,0.5,1.26,0.0,1800.0
333,1988101162,メイショウホムラ,5,0,14,0,0,0,1,0,13,0,0,0,13,0,0.0,0.5,0.0,0.0
334,000a00222c,Smoke Glacken,7,0,10,0,2,0,2,0,6,0,5,0,3,0,0.0,0.36,0.0,0.0
335,000a010545,Mineshaft,1,1,3,1,0,0,0,0,3,1,0,0,3,1,1.0,2.49,0.0,1800.0
336,000a0127d9,Spring At Last,1,1,2,1,0,0,1,0,1,1,1,0,1,1,1.0,2.49,0.0,1600.0
337,1995108126,ダイナマイトメール,1,1,3,1,0,0,0,0,3,1,0,0,3,1,1.0,2.49,0.0,1200.0
338,000a00fb8b,Sea of Secrets,2,1,5,1,0,0,1,0,4,1,2,0,3,1,0.5,1.23,0.0,1200.0
339,000a0018c5,Kings Lake,1,1,2,1,0,0,0,0,2,1,0,0,0,0,1.0,2.45,0.0,0.0
340,000a01056b,Loup Sauvage,1,1,3,1,0,0,0,0,3,1,3,1,0,0,1.0,2.45,2200.0,0.0
341,000a001ea2,Quiet American,5,0,11,0,0,0,1,0,10,0,3,0,6,0,0.0,0.49,0.0,0.0
342,000a010687,Congrats,2,1,4,1,0,0,0,0,4,1,1,0,3,1,0.5,1.18,0.0,2100.0
343,000a00fa49,Royal Anthem,1,1,2,1,0,0,0,0,2,1,0,0,2,1,1.0,2.36,0.0,1800.0
344,000a010a67,The Cliff's Edge,1,1,1,1,0,0,0,0,1,1,0,0,1,1,1.0,2.36,0.0,1200.0
345,1988109108,スターオブコジーン,7,0,21,0,0,0,4,0,17,0,13,0,8,0,0.0,0.33,0.0,0.0
346,000a0022fb,Favorite Trick,3,0,5,0,0,0,3,0,2,0,5,0,0,0,0.0,0.77,0.0,0.0
347,000a000320,ソヴィエトスター,4,0,10,0,0,0,5,0,5,0,6,0,4,0,0.0,0.58,0.0,0.0
348,000a0113a0,Any Given Saturday,2,0,3,0,1,0,1,0,1,0,2,0,1,0,0.0,1.15,0.0,0.0
349,000a001b4d,Rainbow Quest,2,0,6,0,0,0,0,0,6,0,0,0,6,0,0.0,1.12,0.0,0.0
350,000a011651,Sahm,1,0,4,0,0,0,1,0,3,0,4,0,0,0,0.0,2.22,0.0,0.0
351,000a010541,アルデバランＩＩ,1,1,3,1,0,0,0,0,3,1,0,0,3,1,1.0,2.2,0.0,1700.0
352,1992190011,ピルサドスキー,5,1,8,1,0,0,0,0,8,1,5,1,3,0,0.2,0.44,1200.0,0.0
353,000a00fe8f,ムーンバラッド,5,1,9,1,0,0,3,0,6,1,5,1,4,0,0.2,0.44,1200.0,0.0
354,000a001bdb,Danzig Connection,2,0,5,0,0,0,1,0,4,0,0,0,5,0,0.0,1.07,0.0,0.0
355,000a010748,Successful Appeal,1,1,4,1,0,0,1,0,3,1,0,0,4,1,1.0,2.14,0.0,1400.0
356,000a010eaa,スニッツェル,2,1,5,1,1,0,1,0,3,1,3,1,2,0,0.5,1.06,1600.0,0.0
357,000a000d55,クリエイター,2,0,6,0,1,0,1,0,4,0,1,0,3,0,0.0,1.05,0.0,0.0
358,000a001a8f,Devil's Bag,5,0,14,0,0,0,2,0,12,0,5,0,9,0,0.0,0.42,0.0,0.0
359,000a0111b5,Footstepsinthesand,2,0,6,0,0,0,0,0,6,0,5,0,1,0,0.0,1.04,0.0,0.0
360,000a010c91,Motivator,2,1,3,1,0,0,1,0,2,1,1,0,2,1,0.5,1.02,0.0,1400.0
361,000a00031e,サザンヘイロー,9,1,16,1,1,0,1,0,14,1,1,0,15,1,0.111,0.23,0.0,1400.0
362,000a000d9a,ストローズクリーク,1,1,2,1,0,0,0,0,2,1,0,0,2,1,1.0,2.04,0.0,1200.0
363,000a0114b8,Manduro,1,1,3,1,0,0,0,0,3,1,3,1,0,0,1.0,1.98,1400.0,0.0
364,000a0119ba,Rossini,3,0,7,0,0,0,0,0,7,0,5,0,2,0,0.0,0.66,0.0,0.0
365,000a00fdab,アラムシャー,1,1,2,1,0,0,0,0,2,1,2,1,0,0,1.0,1.92,1200.0,0.0
366,1997106560,スターリングローズ,8,1,17,1,0,0,1,0,16,1,3,0,12,1,0.125,0.24,0.0,1400.0
367,000a001e3e,Geiger Counter,1,0,1,0,0,0,1,0,0,0,1,0,0,0,0.0,1.9,0.0,0.0
368,000a001cd4,In the Wings,2,0,4,0,0,0,0,0,4,0,4,0,0,0,0.0,0.94,0.0,0.0
369,000a001beb,Woodman,10,0,25,0,0,0,4,0,21,0,15,0,10,0,0.0,0.19,0.0,0.0
370,000a011252,Pure Prize,4,0,9,0,0,0,2,0,7,0,5,0,4,0,0.0,0.46,0.0,0.0
371,000a002241,Ski Champ,1,0,4,0,0,0,0,0,4,0,0,0,4,0,0.0,1.82,0.0,0.0
372,000a001f36,Boundary,4,0,10,0,0,0,0,0,10,0,0,0,10,0,0.0,0.44,0.0,0.0
373,000a002075,Halling,8,0,17,0,0,0,2,0,15,0,7,0,10,0,0.0,0.22,0.0,0.0
374,000a010a66,Sky Mesa,5,0,10,0,0,0,2,0,8,0,4,0,6,0,0.0,0.35,0.0,0.0
375,000a0021b5,Deputy Commander,3,0,9,0,0,0,6,0,3,0,0,0,9,0,0.0,0.57,0.0,0.0
376,1988109110,ミシル,4,0,8,0,0,0,1,0,7,0,6,0,2,0,0.0,0.43,0.0,0.0
377,2000101586,ムーンロケット,1,0,2,0,0,0,2,0,0,0,2,0,0,0,0.0,1.7,0.0,0.0
378,000a001bd5,Bering,3,0,7,0,0,0,0,0,7,0,2,0,5,0,0.0,0.55,0.0,0.0
379,000a001be4,Kendor,4,0,11,0,0,0,5,0,6,0,8,0,3,0,0.0,0.4,0.0,0.0
380,1981107017,シンボリルドルフ,4,0,7,0,0,0,0,0,7,0,2,0,2,0,0.0,0.4,0.0,0.0
381,1980106362,ニホンピロウイナー,10,0,21,0,0,0,1,0,20,0,8,0,12,0,0.0,0.16,0.0,0.0
382,000a0101a0,Broken Vow,1,1,1,1,0,0,0,0,1,1,1,1,0,0,1.0,1.57,1800.0,0.0
383,000a0104d9,Hussonet,3,1,6,1,0,0,0,0,6,1,4,0,2,1,0.333,0.52,0.0,2000.0
384,000a011132,Southern Image,1,1,2,1,0,0,0,0,2,1,1,0,1,1,1.0,1.57,0.0,1800.0
385,000a0000c0,クリスタルグリッターズ,3,1,6,1,0,0,3,0,3,1,1,0,5,1,0.333,0.52,0.0,1200.0
386,1994109494,スピードワールド,1,1,5,1,0,0,1,0,4,1,3,0,2,1,1.0,1.57,0.0,1800.0
387,000a00208f,Catrail,2,0,5,0,0,0,1,0,4,0,3,0,2,0,0.0,0.77,0.0,0.0
388,000a001e7a,Glitterman,1,0,4,0,0,0,0,0,4,0,3,0,1,0,0.0,1.54,0.0,0.0
389,2001190004,バゴ,7,0,16,0,0,0,0,0,16,0,2,0,14,0,0.0,0.22,0.0,0.0
390,1998110056,モルフェデスペクタ,2,0,4,0,0,0,1,0,3,0,3,0,1,0,0.0,0.77,0.0,0.0
391,000a00fa4b,Tiznow,5,0,16,0,0,0,0,0,16,0,5,0,11,0,0.0,0.3,0.0,0.0
392,1997103400,アグネスフライト,3,0,9,0,0,0,0,0,9,0,5,0,4,0,0.0,0.5,0.0,0.0
393,000a0019b1,Darshaan,7,0,10,0,0,0,1,0,9,0,7,0,3,0,0.0,0.21,0.0,0.0
394,2001100650,メイショウボーラー,2,0,5,0,1,0,0,0,4,0,3,0,2,0,0.0,0.74,0.0,0.0
395,000a012054,Country Reel,2,0,6,0,0,0,0,0,6,0,3,0,3,0,0.0,0.71,0.0,0.0
396,1998101457,メジロベイリー,1,0,3,0,0,0,0,0,3,0,0,0,3,0,0.0,1.42,0.0,0.0
397,000a011ff9,Privately Held,1,0,4,0,0,0,0,0,4,0,2,0,2,0,0.0,1.38,0.0,0.0
398,1997110043,タップダンスシチー,3,0,7,0,0,0,0,0,7,0,1,0,6,0,0.0,0.46,0.0,0.0
399,000a002270,Forestry,4,0,8,0,0,0,0,0,8,0,4,0,4,0,0.0,0.34,0.0,0.0
400,000a012049,Layman,2,0,3,0,0,0,2,0,1,0,2,0,0,0,0.0,0.68,0.0,0.0
401,1997103699,アドマイヤボス,1,0,5,0,0,0,0,0,5,0,0,0,5,0,0.0,1.32,0.0,0.0
402,000a000d4b,エブロス,2,0,5,0,0,0,0,0,5,0,1,0,4,0,0.0,0.66,0.0,0.0
403,000a000d8a,ソウルオブザマター,3,0,6,0,0,0,0,0,6,0,0,0,6,0,0.0,0.44,0.0,0.0
404,000a0003c7,トウショウボーイ,4,0,12,0,0,0,4,0,8,0,2,0,6,0,0.0,0.33,0.0,0.0
405,1994109717,プレミアムサンダー,1,0,2,0,0,0,0,0,2,0,0,0,2,0,0.0,1.32,0.0,0.0
406,1986109108,ゴールデンフェザント,3,0,10,0,0,0,4,0,6,0,4,0,6,0,0.0,0.41,0.0,0.0
407,000a01132a,Candy Ride,1,0,2,0,0,0,0,0,2,0,0,0,2,0,0.0,1.2,0.0,0.0
408,000a001d84,Rubiano,3,0,9,0,0,0,3,0,6,0,4,0,5,0,0.0,0.39,0.0,0.0
409,1999106721,プレシャスカフェ,3,0,6,0,0,0,0,0,6,0,1,0,5,0,0.0,0.39,0.0,0.0
410,000a00fe3c,Candy Stripes,2,0,3,0,0,0,0,0,3,0,3,0,0,0,0.0,0.55,0.0,0.0
411,000a01109a,Chapel Royal,1,0,5,0,0,0,0,0,5,0,4,0,1,0,0.0,1.05,0.0,0.0
412,000a0123e7,Sightseeing,1,0,3,0,0,0,0,0,3,0,3,0,0,0,0.0,1.05,0.0,0.0
413,000a000221,マイニング,8,0,18,0,0,0,6,0,12,0,5,0,13,0,0.0,0.13,0.0,0.0
414,2000101557,スパイキュール,2,0,4,0,0,0,2,0,2,0,2,0,2,0,0.0,0.52,0.0,0.0
415,000a00fe3b,グランデラ,3,0,10,0,0,0,0,0,10,0,1,0,9,0,0.0,0.32,0.0,0.0
416,000a011ff4,Concorde's Tune,1,0,2,0,0,0,0,0,2,0,2,0,0,0,0.0,0.94,0.0,0.0
417,000a00193d,Lord at War,1,0,2,0,0,0,1,0,1,0,2,0,0,0,0.0,0.94,0.0,0.0
418,000a002167,Olympio,1,0,4,0,0,0,3,0,1,0,4,0,0,0,0.0,0.94,0.0,0.0
419,000a00fdb2,Pleasant Tap,3,0,7,0,0,0,3,0,4,0,4,0,2,0,0.0,0.31,0.0,0.0
420,000a002215,Potrillazo,1,0,2,0,0,0,1,0,1,0,2,0,0,0,0.0,0.94,0.0,0.0
421,000a002220,Siphon,1,0,2,0,0,0,0,0,2,0,2,0,0,0,0.0,0.94,0.0,0.0
422,000a000d1d,グランドオペラ,1,0,3,0,0,0,0,0,3,0,0,0,3,0,0.0,0.94,0.0,0.0
423,1996110113,メイショウドトウ,2,0,3,0,0,0,0,0,3,0,1,0,2,0,0.0,0.47,0.0,0.0
424,000a000d71,ロドリゴデトリアーノ,4,0,8,0,0,0,1,0,7,0,4,0,4,0,0.0,0.24,0.0,0.0
425,000a000da0,ヴィクトリースピーチ,2,0,5,0,0,0,0,0,5,0,0,0,5,0,0.0,0.47,0.0,0.0
426,1997110152,ノボジャック,3,0,8,0,0,0,0,0,8,0,4,0,4,0,0.0,0.31,0.0,0.0
427,000a010a76,Areion,2,0,3,0,0,0,0,0,3,0,3,0,0,0,0.0,0.46,0.0,0.0
428,000a010db9,Shirocco,2,0,4,0,1,0,2,0,1,0,4,0,0,0,0.0,0.46,0.0,0.0
429,000a010533,Doyen,3,0,5,0,0,0,0,0,5,0,4,0,1,0,0.0,0.29,0.0,0.0
430,1994108411,メジロブライト,3,0,8,0,0,0,0,0,8,0,4,0,0,0,0.0,0.29,0.0,0.0
431,000a0022d4,Victory Gallop,2,0,4,0,0,0,0,0,4,0,3,0,1,0,0.0,0.43,0.0,0.0
432,1997100569,アッミラーレ,3,0,4,0,0,0,0,0,4,0,1,0,3,0,0.0,0.29,0.0,0.0
433,000a0000bf,クロコルージュ,4,0,7,0,0,0,0,0,7,0,2,0,5,0,0.0,0.22,0.0,0.0
434,000a002286,Alphabet Soup,3,0,8,0,0,0,0,0,8,0,1,0,7,0,0.0,0.28,0.0,0.0
435,000a01074e,Put It Back,1,0,1,0,0,0,1,0,0,0,0,0,1,0,0.0,0.85,0.0,0.0
436,000a0021ca,Swain,2,0,3,0,1,0,1,0,1,0,3,0,0,0,0.0,0.42,0.0,0.0
437,000a00176e,Green Forest,1,0,3,0,0,0,3,0,0,0,3,0,0,0,0.0,0.84,0.0,0.0
438,000a0021e1,Concern,2,0,6,0,0,0,0,0,6,0,0,0,6,0,0.0,0.42,0.0,0.0
439,000a001ce7,Nashwan,3,0,4,0,0,0,1,0,3,0,1,0,2,0,0.0,0.28,0.0,0.0
440,1995104468,スエヒロコマンダー,3,0,7,0,0,0,0,0,7,0,0,0,7,0,0.0,0.28,0.0,0.0
441,000a001e93,Broad Brush,1,0,1,0,0,0,0,0,1,0,0,0,1,0,0.0,0.82,0.0,0.0
442,000a0001a6,ジェイドハンター,4,0,5,0,0,0,2,0,3,0,3,0,2,0,0.0,0.2,0.0,0.0
443,000a011fef,Sligo Bay,1,0,3,0,0,0,0,0,3,0,3,0,0,0,0.0,0.72,0.0,0.0
444,000a01204e,Kalatos,1,0,3,0,0,0,2,0,1,0,3,0,0,0,0.0,0.7,0.0,0.0
445,000a012622,Mayakovsky,1,0,2,0,1,0,1,0,0,0,0,0,2,0,0.0,0.69,0.0,0.0
446,000a00181a,Private Account,1,0,2,0,0,0,2,0,0,0,0,0,2,0,0.0,0.69,0.0,0.0
447,1990109704,ザイーテン,2,0,3,0,0,0,0,0,3,0,3,0,0,0,0.0,0.35,0.0,0.0
448,000a001785,Affirmed,4,0,11,0,0,0,2,0,9,0,4,0,7,0,0.0,0.17,0.0,0.0
449,000a011d8d,Dushyantor,2,0,5,0,0,0,0,0,5,0,3,0,2,0,0.0,0.32,0.0,0.0
450,000a010d0c,Macho Uno,2,0,6,0,0,0,2,0,4,0,2,0,4,0,0.0,0.32,0.0,0.0
451,000a010bed,Sakhee,2,0,3,0,0,0,0,0,3,0,1,0,2,0,0.0,0.32,0.0,0.0
452,2003102809,オンファイア,3,0,8,0,0,0,0,0,8,0,2,0,6,0,0.0,0.21,0.0,0.0
453,000a001bde,Fairy King,4,0,9,0,0,0,1,0,8,0,3,0,6,0,0.0,0.16,0.0,0.0
454,000a013952,Shawklit Won,1,0,1,0,0,0,0,0,1,0,0,0,1,0,0.0,0.63,0.0,0.0
455,000a000d9b,ウェイオブライト,1,0,4,0,0,0,0,0,4,0,0,0,0,0,0.0,0.62,0.0,0.0
456,000a002053,Storm Boot,4,0,6,0,0,0,1,0,5,0,6,0,0,0,0.0,0.15,0.0,0.0
457,000a000d89,シアトルダンサーII,3,0,7,0,0,0,0,0,7,0,0,0,7,0,0.0,0.2,0.0,0.0
458,000a000083,ブロッコ,2,0,5,0,0,0,2,0,3,0,0,0,5,0,0.0,0.3,0.0,0.0
459,000a002130,Grindstone,3,0,8,0,0,0,4,0,4,0,0,0,8,0,0.0,0.19,0.0,0.0
460,000a001dbb,Runaway Groom,1,0,3,0,0,0,0,0,3,0,0,0,3,0,0.0,0.58,0.0,0.0
461,000a011d04,Raven's Pass,3,0,6,0,0,0,0,0,6,0,1,0,5,0,0.0,0.19,0.0,0.0
462,1994109699,ヒカリバオー,2,0,6,0,0,0,6,0,0,0,0,0,6,0,0.0,0.29,0.0,0.0
463,000a010990,ザール,2,0,7,0,0,0,0,0,7,0,2,0,5,0,0.0,0.28,0.0,0.0
464,000a002049,Fortunate Prospect,1,0,1,0,0,0,0,0,1,0,0,0,1,0,0.0,0.5,0.0,0.0
465,000a001fc0,Marquetry,3,0,5,0,0,0,1,0,4,0,0,0,5,0,0.0,0.17,0.0,0.0
466,1992107451,サンデーウェル,3,0,8,0,0,0,1,0,7,0,0,0,8,0,0.0,0.17,0.0,0.0
467,000a0109d5,スタチューオブリバティ,3,0,10,0,0,0,0,0,10,0,3,0,7,0,0.0,0.17,0.0,0.0
468,000a000d88,ティッカネン,3,0,11,0,0,0,3,0,8,0,5,0,6,0,0.0,0.17,0.0,0.0
469,000a011290,Canadian Frontier,1,0,2,0,0,0,2,0,0,0,2,0,0,0,0.0,0.47,0.0,0.0
470,000a001cce,Easy Goer,1,0,3,0,0,0,3,0,0,0,3,0,0,0,0.0,0.47,0.0,0.0
471,000a011133,Grape Tree Road,1,0,2,0,0,0,0,0,2,0,2,0,0,0,0.0,0.47,0.0,0.0
472,000a011158,Aragorn,1,0,3,0,0,0,0,0,3,0,0,0,3,0,0.0,0.41,0.0,0.0
473,2002100594,トーセンダンス,2,0,3,0,0,0,0,0,3,0,0,0,3,0,0.0,0.2,0.0,0.0
474,000a010dc8,Afleet Alex,2,0,4,0,0,0,1,0,3,0,1,0,3,0,0.0,0.19,0.0,0.0
475,000a0105b4,Titus Livius,1,0,3,0,0,0,0,0,3,0,0,0,3,0,0.0,0.35,0.0,0.0
476,000a0001b8,キングオブキングス,3,0,7,0,0,0,1,0,6,0,1,0,6,0,0.0,0.12,0.0,0.0
477,000a010bce,Formal Dinner,2,0,6,0,0,0,1,0,5,0,4,0,2,0,0.0,0.17,0.0,0.0
478,000a0022ca,Out of Place,3,0,4,0,2,0,1,0,1,0,3,0,1,0,0.0,0.11,0.0,0.0
479,000a002151,River Special,1,0,6,0,0,0,1,0,5,0,3,0,3,0,0.0,0.33,0.0,0.0
480,1999107052,アドマイヤドン,1,0,4,0,0,0,0,0,4,0,0,0,4,0,0.0,0.33,0.0,0.0
481,1981106396,ビゼンニシキ,3,0,6,0,0,0,2,0,4,0,5,0,1,0,0.0,0.11,0.0,0.0
482,1995105589,ミスズシャルダン,1,0,3,0,0,0,1,0,2,0,2,0,1,0,0.0,0.33,0.0,0.0
483,1975102626,ヤマニンスキー,1,0,3,0,0,0,2,0,1,0,3,0,0,0,0.0,0.33,0.0,0.0
484,1991109929,エイシンワシントン,4,0,11,0,0,0,3,0,8,0,6,0,5,0,0.0,0.08,0.0,0.0
485,1992107625,アブクマポーロ,1,0,3,0,0,0,0,0,3,0,0,0,3,0,0.0,0.28,0.0,0.0
486,1995100385,スマートボーイ,1,0,2,0,0,0,0,0,2,0,0,0,2,0,0.0,0.28,0.0,0.0
487,000a010f0f,Century City,2,0,3,0,0,0,0,0,3,0,0,0,2,0,0.0,0.12,0.0,0.0
488,000a001b87,Chief's Crown,1,0,2,0,0,0,0,0,2,0,1,0,1,0,0.0,0.24,0.0,0.0
489,000a01056c,Fly Till Dawn,1,0,4,0,0,0,0,0,4,0,0,0,4,0,0.0,0.24,0.0,0.0
490,000a00fdb8,Kaldounevees,1,0,3,0,0,0,0,0,3,0,3,0,0,0,0.0,0.24,0.0,0.0
491,000a0109d0,Marchand de Sable,1,0,2,0,0,0,0,0,2,0,2,0,0,0,0.0,0.24,0.0,0.0
492,000a0108d0,Officer,3,0,5,0,0,0,2,0,3,0,1,0,4,0,0.0,0.08,0.0,0.0
493,000a000270,Peaks and Valleys,1,0,5,0,0,0,0,0,5,0,1,0,4,0,0.0,0.24,0.0,0.0
494,000a010be8,Yonaguska,3,0,5,0,1,0,3,0,1,0,4,0,1,0,0.0,0.08,0.0,0.0
495,1987100579,アイネスフウジン,4,0,10,0,0,0,2,0,8,0,3,0,7,0,0.0,0.06,0.0,0.0
496,1992109729,タイキシャーロック,1,0,1,0,0,0,0,0,1,0,0,0,1,0,0.0,0.24,0.0,0.0
497,1997105739,ニホンピロニール,1,0,2,0,0,0,0,0,2,0,2,0,0,0,0.0,0.24,0.0,0.0
498,1995104953,ビワタケヒデ,5,0,13,0,0,0,0,0,13,0,5,0,8,0,0.0,0.05,0.0,0.0
499,1986109003,フレンチグローリー,1,0,6,0,0,0,0,0,6,0,2,0,4,0,0.0,0.24,0.0,0.0
500,1999104188,ヤマニンセラフィム,1,0,2,0,0,0,0,0,2,0,2,0,0,0,0.0,0.24,0.0,0.0
501,1995101039,ウイングアロー,1,0,2,0,0,0,0,0,2,0,2,0,0,0,0.0,0.19,0.0,0.0
502,1995107939,ミラクルアドマイヤ,1,0,2,0,0,0,0,0,2,0,0,0,2,0,0.0,0.19,0.0,0.0
503,000a00021b,ミルジョージ,3,0,5,0,0,0,1,0,4,0,0,0,2,0,0.0,0.06,0.0,0.0
504,000a002306,Behrens,1,0,1,0,0,0,0,0,1,0,1,0,0,0,0.0,0.16,0.0,0.0
505,000a011127,Consolidator,1,0,2,0,0,0,0,0,2,0,2,0,0,0,0.0,0.16,0.0,0.0
506,000a011798,Indygo Shiner,3,0,5,0,0,0,1,0,4,0,2,0,3,0,0.0,0.05,0.0,0.0
507,000a0022a2,Our Emblem,1,0,2,0,0,0,0,0,2,0,0,0,2,0,0.0,0.16,0.0,0.0
508,000a002239,Sir Cat,2,0,4,0,0,0,0,0,4,0,1,0,3,0,0.0,0.08,0.0,0.0
509,2002100996,サムライハート,1,0,5,0,0,0,0,0,5,0,1,0,4,0,0.0,0.16,0.0,0.0
510,1997105461,ニューイングランド,2,0,3,0,0,0,0,0,3,0,0,0,3,0,0.0,0.08,0.0,0.0
511,000a00004b,バチアー,2,0,5,0,0,0,0,0,5,0,0,0,5,0,0.0,0.08,0.0,0.0
512,000a000d19,フォティテン,3,0,4,0,0,0,0,0,4,0,0,0,4,0,0.0,0.05,0.0,0.0
513,1996107315,ブラックタキシード,3,0,8,0,0,0,0,0,8,0,1,0,7,0,0.0,0.05,0.0,0.0
514,000a010ab3,Action This Day,1,0,6,0,0,0,0,0,6,0,0,0,6,0,0.0,0.0,0.0,0.0
515,000a001770,Akarad,1,0,2,0,0,0,0,0,2,0,0,0,2,0,0.0,0.0,0.0,0.0
516,000a0130f0,Al Akbar,1,0,2,0,0,0,0,0,2,0,1,0,1,0,0.0,0.0,0.0,0.0
517,000a01025c,Alhaarth,1,0,2,0,0,0,0,0,2,0,0,0,2,0,0.0,0.0,0.0,0.0
518,000a0022e2,Anabaa,2,0,3,0,0,0,0,0,3,0,3,0,0,0,0.0,0.0,0.0,0.0
519,000a011385,Anabaa Blue,1,0,1,0,0,0,0,0,1,0,1,0,0,0,0.0,0.0,0.0,0.0
520,000a00fb2c,Aptitude,2,0,4,0,0,0,1,0,3,0,0,0,4,0,0.0,0.0,0.0,0.0
521,000a01139f,Authorized,2,0,2,0,0,0,0,0,2,0,1,0,1,0,0.0,0.0,0.0,0.0
522,000a011770,Bahhare,1,0,1,0,0,0,0,0,1,0,1,0,0,0,0.0,0.0,0.0,0.0
523,000a011774,Ballingarry,1,0,1,0,0,0,0,0,1,0,1,0,0,0,0.0,0.0,0.0,0.0
524,000a00212c,Benny the Dip,1,0,3,0,0,0,0,0,3,0,0,0,3,0,0.0,0.0,0.0,0.0
525,000a01099c,Blue Ocean,1,0,2,0,0,0,0,0,2,0,0,0,2,0,0.0,0.0,0.0,0.0
526,000a0020cc,Bold Executive,1,0,1,0,0,0,0,0,1,0,1,0,0,0,0.0,0.0,0.0,0.0
527,000a010bca,Chief Seattle,2,0,3,0,0,0,0,0,3,0,0,0,3,0,0.0,0.0,0.0,0.0
528,000a0127e6,City Zip,1,0,1,0,0,0,0,0,1,0,1,0,0,0,0.0,0.0,0.0,0.0
529,000a01109b,Concerto,1,0,1,0,0,0,1,0,0,0,1,0,0,0,0.0,0.0,0.0,0.0
530,000a0017cc,Conquistador Cielo,1,0,3,0,0,0,2,0,1,0,3,0,0,0,0.0,0.0,0.0,0.0
531,000a01173f,Corinthian,1,0,2,0,0,0,0,0,2,0,2,0,0,0,0.0,0.0,0.0,0.0
532,000a002320,Crafty Friend,1,0,1,0,0,0,0,0,1,0,0,0,1,0,0.0,0.0,0.0,0.0
533,000a001e8c,Crusader Sword,1,0,2,0,0,0,2,0,0,0,2,0,0,0,0.0,0.0,0.0,0.0
534,000a001e83,Cryptoclearance,2,0,2,0,0,0,0,0,2,0,0,0,2,0,0.0,0.0,0.0,0.0
535,000a0015c6,Cure the Blues,1,0,2,0,0,0,1,0,1,0,1,0,0,0,0.0,0.0,0.0,0.0
536,000a00fa3a,Dashing Blade,1,0,1,0,0,0,0,0,1,0,1,0,0,0,0.0,0.0,0.0,0.0
537,000a0104d4,Double Bed,2,0,4,0,0,0,0,0,4,0,2,0,2,0,0.0,0.0,0.0,0.0
538,000a010571,Dr Fong,2,0,3,0,0,0,0,0,3,0,3,0,0,0,0.0,0.0,0.0,0.0
539,000a011773,Duke of Marmalade,1,0,1,0,0,0,0,0,1,0,1,0,0,0,0.0,0.0,0.0,0.0
540,000a01239c,Elusive City,3,0,4,0,0,0,1,0,3,0,2,0,2,0,0.0,0.0,0.0,0.0
541,000a0112ca,Encosta de Lago,1,0,3,0,0,0,0,0,3,0,1,0,2,0,0.0,0.0,0.0,0.0
542,000a002319,Exploit,2,0,3,0,0,0,1,0,2,0,2,0,1,0,0.0,0.0,0.0,0.0
543,000a010ff8,Fayruz,1,0,3,0,0,0,0,0,3,0,1,0,2,0,0.0,0.0,0.0,0.0
544,000a001fbe,Fly So Free,2,0,5,0,0,0,0,0,5,0,4,0,1,0,0.0,0.0,0.0,0.0
545,000a001ef1,Garde Royale,2,0,5,0,0,0,0,0,5,0,1,0,2,0,0.0,0.0,0.0,0.0
546,000a001fee,General Meeting,1,0,1,0,0,0,0,0,1,0,0,0,1,0,0.0,0.0,0.0,0.0
547,000a001fd7,Go for Gin,2,0,3,0,1,0,0,0,2,0,2,0,1,0,0.0,0.0,0.0,0.0
548,000a010313,Gold Away,2,0,2,0,1,0,0,0,1,0,2,0,0,0,0.0,0.0,0.0,0.0
549,000a01147e,Gold Legend,1,0,1,0,0,0,1,0,0,0,1,0,0,0,0.0,0.0,0.0,0.0
550,000a010530,Haafhd,1,0,1,0,0,0,0,0,1,0,0,0,1,0,0.0,0.0,0.0,0.0
551,000a00fd81,High Yield,1,0,2,0,0,0,0,0,2,0,0,0,2,0,0.0,0.0,0.0,0.0
552,000a010a64,Hold That Tiger,1,0,2,0,0,0,0,0,2,0,2,0,0,0,0.0,0.0,0.0,0.0
553,000a000180,Holy Bull,2,0,6,0,0,0,0,0,6,0,2,0,4,0,0.0,0.0,0.0,0.0
554,000a001fc3,Honor Grades,1,0,3,0,0,0,1,0,2,0,1,0,2,0,0.0,0.0,0.0,0.0
555,000a00fa46,Horse Chestnut,1,0,2,0,0,0,0,0,2,0,1,0,1,0,0.0,0.0,0.0,0.0
556,000a0111d1,Iffraaj,1,0,2,0,0,0,0,0,2,0,2,0,0,0,0.0,0.0,0.0,0.0
557,000a0017c9,Irish River,2,0,4,0,0,0,0,0,4,0,0,0,2,0,0.0,0.0,0.0,0.0
558,000a0114c3,Johan Cruyff,2,0,4,0,0,0,0,0,4,0,4,0,0,0,0.0,0.0,0.0,0.0
559,000a010b86,Jump Start,1,0,2,0,0,0,0,0,2,0,0,0,2,0,0.0,0.0,0.0,0.0
560,000a0110a8,Kelly Kip,1,0,2,0,0,0,0,0,2,0,0,0,0,0,0.0,0.0,0.0,0.0
561,000a001678,Kris,3,0,8,0,0,0,1,0,7,0,2,0,6,0,0.0,0.0,0.0,0.0
562,000a0022d5,Lagunas,1,0,1,0,0,0,0,0,1,0,1,0,0,0,0.0,0.0,0.0,0.0
563,000a0021ab,Langfuhr,3,0,6,0,2,0,0,0,4,0,3,0,3,0,0.0,0.0,0.0,0.0
564,000a0016ec,Law Society,1,0,2,0,0,0,0,0,2,0,1,0,1,0,0.0,0.0,0.0,0.0
565,000a0115cc,Leroidesanimaux,1,0,2,0,0,0,0,0,2,0,1,0,1,0,0.0,0.0,0.0,0.0
566,000a012a69,Lion Hearted,1,0,2,0,0,0,0,0,2,0,0,0,2,0,0.0,0.0,0.0,0.0
567,000a01147c,Lode,1,0,1,0,0,0,0,0,1,0,0,0,1,0,0.0,0.0,0.0,0.0
568,000a0122be,Lord of England,1,0,2,0,0,0,0,0,2,0,1,0,1,0,0.0,0.0,0.0,0.0
569,000a002275,Louis Quatorze,1,0,2,0,0,0,0,0,2,0,1,0,1,0,0.0,0.0,0.0,0.0
570,000a001205,Lyphard,1,0,2,0,0,0,2,0,0,0,1,0,1,0,0.0,0.0,0.0,0.0
571,000a00167b,Majestic Light,1,0,1,0,0,0,0,0,1,0,1,0,0,0,0.0,0.0,0.0,0.0
572,000a011cde,Mamool,1,0,1,0,0,0,0,0,1,0,1,0,0,0,0.0,0.0,0.0,0.0
573,000a001b44,Manila,1,0,1,0,0,0,0,0,1,0,1,0,0,0,0.0,0.0,0.0,0.0
574,000a00209c,Masterclass,1,0,3,0,0,0,2,0,1,0,1,0,2,0,0.0,0.0,0.0,0.0
575,000a001c0e,Meadowlake,3,0,6,0,1,0,4,0,1,0,5,0,1,0,0.0,0.0,0.0,0.0
576,000a011c22,Midnight Lute,1,0,1,0,0,0,1,0,0,0,1,0,0,0,0.0,0.0,0.0,0.0
577,000a002163,Montbrook,2,0,4,0,0,0,2,0,2,0,3,0,1,0,0.0,0.0,0.0,0.0
578,000a0110a9,Most Welcome,1,0,1,0,0,0,0,0,1,0,0,0,1,0,0.0,0.0,0.0,0.0
579,000a001fd1,Mountain Cat,1,0,2,0,0,0,0,0,2,0,2,0,0,0,0.0,0.0,0.0,0.0
580,000a001607,Mr. Prospector,1,0,1,0,0,0,1,0,0,0,0,0,1,0,0.0,0.0,0.0,0.0
581,000a001fac,Mujadil,1,0,1,0,0,0,0,0,1,0,1,0,0,0,0.0,0.0,0.0,0.0
582,000a001e82,Mujtahid,1,0,1,0,0,0,0,0,1,0,0,0,1,0,0.0,0.0,0.0,0.0
583,000a00217c,Mutakddim,1,0,1,0,0,0,0,0,1,0,1,0,0,0,0.0,0.0,0.0,0.0
584,000a00200b,Native Prospector,1,0,2,0,0,0,0,0,2,0,0,0,2,0,0.0,0.0,0.0,0.0
585,000a0116fe,Nedawi,2,0,4,0,0,0,1,0,3,0,3,0,1,0,0.0,0.0,0.0,0.0
586,000a011656,New Approach,1,0,1,0,0,0,0,0,1,0,1,0,0,0,0.0,0.0,0.0,0.0
587,000a0104d5,O'Reilly,1,0,1,0,0,0,0,0,1,0,1,0,0,0,0.0,0.0,0.0,0.0
588,000a010d4f,Oasis Dream,1,0,1,0,0,0,0,0,1,0,0,0,1,0,0.0,0.0,0.0,0.0
589,000a0111d2,One Cool Cat,1,0,3,0,0,0,0,0,3,0,0,0,3,0,0.0,0.0,0.0,0.0
590,000a010902,Orientate,2,0,3,0,0,0,0,0,3,0,0,0,3,0,0.0,0.0,0.0,0.0
591,000a002078,Parade Marshal,1,0,1,0,0,0,0,0,1,0,1,0,0,0,0.0,0.0,0.0,0.0
592,000a0019a3,Phone Trick,2,0,4,0,0,0,1,0,3,0,2,0,2,0,0.0,0.0,0.0,0.0
593,000a001d34,Pirate's Bounty,1,0,3,0,0,0,0,0,3,0,1,0,2,0,0.0,0.0,0.0,0.0
594,000a010a16,Pistolet Bleu,1,0,1,0,0,0,0,0,1,0,0,0,1,0,0.0,0.0,0.0,0.0
595,000a001fbd,Private Terms,1,0,1,0,0,0,0,0,1,0,0,0,1,0,0.0,0.0,0.0,0.0
596,000a011156,Purge,1,0,3,0,0,0,0,0,3,0,0,0,3,0,0.0,0.0,0.0,0.0
597,000a0014ce,Riverman,1,0,2,0,0,0,1,0,1,0,0,0,2,0,0.0,0.0,0.0,0.0
598,000a010612,Rock Hard Ten,2,0,6,0,0,0,0,0,6,0,0,0,6,0,0.0,0.0,0.0,0.0
599,000a010615,Royal Applause,1,0,2,0,0,0,0,0,2,0,1,0,1,0,0.0,0.0,0.0,0.0
600,000a010997,Royal Chalice,1,0,2,0,0,0,0,0,2,0,0,0,2,0,0.0,0.0,0.0,0.0
601,000a001f1d,Septieme Ciel,1,0,2,0,0,0,0,0,2,0,2,0,0,0,0.0,0.0,0.0,0.0
602,000a010a17,Sevres Rose,1,0,2,0,2,0,0,0,0,0,2,0,0,0,0.0,0.0,0.0,0.0
603,000a00135e,Shirley Heights,2,0,4,0,0,0,1,0,3,0,4,0,0,0,0.0,0.0,0.0,0.0
604,000a00191f,Slewpy,1,0,2,0,0,0,0,0,2,0,0,0,2,0,0.0,0.0,0.0,0.0
605,000a01205a,Soave,2,0,2,0,0,0,0,0,2,0,1,0,0,0,0.0,0.0,0.0,0.0
606,000a0120bc,Spanish Steps,2,0,4,0,0,0,0,0,4,0,3,0,1,0,0.0,0.0,0.0,0.0
607,000a00212d,Spectrum,1,0,1,0,0,0,0,0,1,0,0,0,1,0,0.0,0.0,0.0,0.0
608,000a012399,Spirit One,1,0,3,0,0,0,0,0,3,0,3,0,0,0,0.0,0.0,0.0,0.0
609,000a001982,Star de Naskra,1,0,1,0,0,0,0,0,1,0,1,0,0,0,0.0,0.0,0.0,0.0
610,000a00ff1f,Stormin Fever,1,0,1,0,0,0,0,0,1,0,0,0,1,0,0.0,0.0,0.0,0.0
611,000a001b65,Straight Strike,1,0,2,0,0,0,0,0,2,0,0,0,2,0,0.0,0.0,0.0,0.0
612,000a01246a,Strategic Prince,1,0,2,0,0,0,1,0,1,0,2,0,0,0,0.0,0.0,0.0,0.0
613,000a001d88,Summer Squall,1,0,2,0,0,0,0,0,2,0,0,0,2,0,0.0,0.0,0.0,0.0
614,000a0118fc,Sunray Spirit,1,0,2,0,0,0,0,0,2,0,2,0,0,0,0.0,0.0,0.0,0.0
615,000a011ff7,Sunriver,1,0,1,0,0,0,0,0,1,0,0,0,1,0,0.0,0.0,0.0,0.0
616,000a01139e,Teofilo,2,0,2,0,0,0,0,0,2,0,1,0,1,0,0.0,0.0,0.0,0.0
617,000a012241,The Leopard,1,0,1,0,0,0,0,0,1,0,1,0,0,0,0.0,0.0,0.0,0.0
618,000a012c44,Thousand Words,1,0,1,0,0,0,0,0,1,0,1,0,0,0,0.0,0.0,0.0,0.0
619,000a002040,Tunerup,1,0,1,0,0,0,0,0,1,0,1,0,0,0,0.0,0.0,0.0,0.0
620,000a0019af,Two Punch,3,0,5,0,0,0,3,0,2,0,1,0,4,0,0.0,0.0,0.0,0.0
621,000a001de5,Unfuwain,1,0,2,0,0,0,0,0,2,0,2,0,0,0,0.0,0.0,0.0,0.0
622,000a010c3f,Van Nistelrooy,1,0,2,0,0,0,0,0,2,0,2,0,0,0,0.0,0.0,0.0,0.0
623,000a01143b,Victory Note,1,0,1,0,0,0,0,0,1,0,1,0,0,0,0.0,0.0,0.0,0.0
624,000a010544,Vindication,1,0,3,0,0,0,0,0,3,0,1,0,2,0,0.0,0.0,0.0,0.0
625,000a00fce0,War Chant,1,0,3,0,0,0,1,0,2,0,3,0,0,0,0.0,0.0,0.0,0.0
626,000a0122ee,Wild and Wicked,1,0,3,0,0,0,0,0,3,0,2,0,1,0,0.0,0.0,0.0,0.0
627,000a00fcde,Yankee Victor,1,0,2,0,0,0,0,0,2,0,0,0,2,0,0.0,0.0,0.0,0.0
628,000a010753,Yes It's True,3,0,5,0,0,0,0,0,5,0,1,0,4,0,0.0,0.0,0.0,0.0
629,000a001dcf,Zabeel,1,0,1,0,0,0,0,0,1,0,0,0,1,0,0.0,0.0,0.0,0.0
630,000a000d72,アーミジャー,3,0,3,0,0,0,0,0,3,0,0,0,3,0,0.0,0.0,0.0,0.0
631,000a000d47,アイシーグルーム,2,0,5,0,0,0,1,0,4,0,1,0,2,0,0.0,0.0,0.0,0.0
632,1993109165,アグネスカミカゼ,1,0,1,0,0,0,0,0,1,0,0,0,1,0,0.0,0.0,0.0,0.0
633,1995108665,アグネスワールド,5,0,11,0,0,0,1,0,10,0,4,0,7,0,0.0,0.0,0.0,0.0
634,1999110191,アサクサデンエン,1,0,1,0,0,0,0,0,1,0,1,0,0,0,0.0,0.0,0.0,0.0
635,2002102324,アドマイヤジャパン,1,0,2,0,0,0,0,0,2,0,1,0,1,0,0.0,0.0,0.0,0.0
636,1997100632,アンクルスーパー,1,0,2,0,0,0,0,0,2,0,0,0,2,0,0.0,0.0,0.0,0.0
637,000a000112,アントレプレナー,1,0,2,0,0,0,1,0,1,0,1,0,1,0,0.0,0.0,0.0,0.0
638,1984106229,イナリワン,1,0,5,0,0,0,0,0,5,0,0,0,5,0,0.0,0.0,0.0,0.0
639,000a0114ba,インヴァソール,1,0,4,0,1,0,2,0,1,0,3,0,1,0,0.0,0.0,0.0,0.0
640,1999102595,ウインデュエル,1,0,3,0,0,0,0,0,3,0,0,0,3,0,0.0,0.0,0.0,0.0
641,1989108560,エーピージェット,1,0,2,0,0,0,0,0,2,0,1,0,1,0,0.0,0.0,0.0,0.0
642,1997110161,エイシンプレストン,1,0,2,0,0,0,0,0,2,0,1,0,1,0,0.0,0.0,0.0,0.0
643,1991109943,オースミタイクーン,1,0,4,0,0,0,0,0,4,0,1,0,3,0,0.0,0.0,0.0,0.0
644,1985102167,オグリキャップ,1,0,2,0,0,0,1,0,1,0,1,0,1,0,0.0,0.0,0.0,0.0
645,1988106402,カリスタグローリ,2,0,2,0,0,0,0,0,2,0,0,0,2,0,0.0,0.0,0.0,0.0
646,1990109127,キョウワアリシバ,1,0,2,0,2,0,0,0,0,0,2,0,0,0,0.0,0.0,0.0,0.0
647,000a000da1,クリプティックラスカル,2,0,3,0,0,0,0,0,3,0,0,0,3,0,0.0,0.0,0.0,0.0
648,1994109559,グリーンアプローズ,1,0,1,0,0,0,0,0,1,0,0,0,1,0,0.0,0.0,0.0,0.0
649,1986106198,サクラホクトオー,1,0,1,0,0,0,1,0,0,0,0,0,1,0,0.0,0.0,0.0,0.0
650,1992109533,サマーサスピション,1,0,3,0,0,0,0,0,3,0,1,0,2,0,0.0,0.0,0.0,0.0
651,1988101304,サンゼウス,1,0,2,0,0,0,0,0,2,0,2,0,0,0,0.0,0.0,0.0,0.0
652,2000101398,ザッツザプレンティ,2,0,4,0,0,0,0,0,4,0,3,0,1,0,0.0,0.0,0.0,0.0
653,1984109003,シェイディハイツ,1,0,1,0,0,0,0,0,1,0,0,0,0,0,0.0,0.0,0.0,0.0
654,2001110087,シェルゲーム,1,0,2,0,0,0,0,0,2,0,2,0,0,0,0.0,0.0,0.0,0.0
655,000a0002f0,シャーディー,2,0,3,0,0,0,0,0,3,0,1,0,2,0,0.0,0.0,0.0,0.0
656,1991109947,シンコウキング,1,0,1,0,0,0,0,0,1,0,0,0,1,0,0.0,0.0,0.0,0.0
657,000a00014a,ジェリ,1,0,2,0,0,0,2,0,0,0,0,0,2,0,0.0,0.0,0.0,0.0
658,000a000da4,スクワートルスクワート,4,0,7,0,0,0,4,0,3,0,2,0,5,0,0.0,0.0,0.0,0.0
659,1992110102,スズカストリート,2,0,3,0,0,0,1,0,2,0,0,0,3,0,0.0,0.0,0.0,0.0
660,2002107011,スズカフェニックス,1,0,1,0,0,0,0,0,1,0,0,0,1,0,0.0,0.0,0.0,0.0
661,2001103890,スズカマンボ,1,0,2,0,0,0,0,0,2,0,1,0,1,0,0.0,0.0,0.0,0.0
662,1991107851,スターマン,2,0,5,0,0,0,3,0,2,0,3,0,2,0,0.0,0.0,0.0,0.0
663,000a00032c,ステートリードン,2,0,2,0,1,0,0,0,1,0,0,0,1,0,0.0,0.0,0.0,0.0
664,2003102461,ソングオブウインド,2,0,4,0,0,0,0,0,4,0,1,0,3,0,0.0,0.0,0.0,0.0
665,1991109979,タイキブリザード,2,0,3,0,0,0,0,0,3,0,1,0,2,0,0.0,0.0,0.0,0.0
666,1998101683,タイムパラドックス,1,0,3,0,0,0,0,0,3,0,0,0,3,0,0.0,0.0,0.0,0.0
667,1983104089,ダイナガリバー,3,0,8,0,0,0,4,0,4,0,8,0,0,0,0.0,0.0,0.0,0.0
668,1988107348,ダイナマイトダディ,2,0,5,0,0,0,0,0,5,0,2,0,3,0,0.0,0.0,0.0,0.0
669,000a0000c7,ダンスオブライフ,1,0,1,0,0,0,0,0,1,0,0,0,1,0,0.0,0.0,0.0,0.0
670,000a0000ca,ダンスホール,2,0,4,0,0,0,0,0,4,0,0,0,4,0,0.0,0.0,0.0,0.0
671,1999106851,テレグノシス,1,0,3,0,0,0,0,0,3,0,3,0,0,0,0.0,0.0,0.0,0.0
672,2005101358,ディープスカイ,2,0,4,0,0,0,0,0,4,0,0,0,4,0,0.0,0.0,0.0,0.0
673,000a00faf1,デザートストーリー,1,0,1,0,0,0,0,0,1,0,0,0,1,0,0.0,0.0,0.0,0.0
674,1990105400,トーヨーリファール,1,0,3,0,0,0,0,0,3,0,0,0,3,0,0.0,0.0,0.0,0.0
675,1996102442,ナリタトップロード,3,0,5,0,0,0,1,0,4,0,1,0,4,0,0.0,0.0,0.0,0.0
676,1995190005,ハイライズ,1,0,1,0,0,0,1,0,0,0,1,0,0,0,0.0,0.0,0.0,0.0
677,2001103018,ハットトリック,1,0,2,0,0,0,0,0,2,0,2,0,0,0,0.0,0.0,0.0,0.0
678,000a000169,ハンセル,3,0,5,0,0,0,0,0,5,0,0,0,5,0,0.0,0.0,0.0,0.0
679,000a000d74,ハンティングホーク,3,0,9,0,0,0,0,0,9,0,1,0,8,0,0.0,0.0,0.0,0.0
680,1986100672,バンブービギン,2,0,5,0,0,0,1,0,4,0,3,0,2,0,0.0,0.0,0.0,0.0
681,000a000d01,パークリージェント,3,0,11,0,0,0,1,0,10,0,2,0,9,0,0.0,0.0,0.0,0.0
682,1990109099,ヒシアリダー,1,0,2,0,0,0,0,0,2,0,0,0,0,0,0.0,0.0,0.0,0.0
683,1994105040,ビッグサンデー,1,0,2,0,0,0,0,0,2,0,0,0,2,0,0.0,0.0,0.0,0.0
684,1996190005,ファンタスティックライト,11,0,15,0,0,0,4,0,11,0,8,0,7,0,0.0,0.0,0.0,0.0
685,000a000d5b,フェアジャッジメント,1,0,3,0,0,0,0,0,3,0,1,0,2,0,0.0,0.0,0.0,0.0
686,1997103684,フサイチソニック,1,0,2,0,0,0,0,0,2,0,0,0,2,0,0.0,0.0,0.0,0.0
687,2001103312,ブラックタイド,1,0,1,0,0,0,0,0,1,0,0,0,1,0,0.0,0.0,0.0,0.0
688,000a000076,ブラッシングジョン,1,0,1,0,0,0,0,0,1,0,1,0,0,0,0.0,0.0,0.0,0.0
689,000a000d23,プラウドデボネア,1,0,3,0,0,0,2,0,1,0,3,0,0,0,0.0,0.0,0.0,0.0
690,000a01052f,プレザントリーパーフェクト,2,0,5,0,0,0,0,0,5,0,3,0,2,0,0.0,0.0,0.0,0.0
691,1979101459,ホリスキー,2,0,5,0,0,0,1,0,4,0,0,0,4,0,0.0,0.0,0.0,0.0
692,1997110258,マルターズライオン,1,0,2,0,0,0,1,0,1,0,1,0,1,0,0.0,0.0,0.0,0.0
693,1988101069,ヤマニンゼファー,1,0,2,0,0,0,0,0,2,0,2,0,0,0,0.0,0.0,0.0,0.0
694,1983104853,ラグビーボール,1,0,3,0,1,0,2,0,0,0,0,0,3,0,0.0,0.0,0.0,0.0
695,1990109712,ランド,1,0,1,0,0,0,0,0,1,0,1,0,0,0,0.0,0.0,0.0,0.0
696,000a000d40,リドヘイム,1,0,2,0,0,0,0,0,2,0,1,0,1,0,0.0,0.0,0.0,0.0
697,2000101561,リンカーン,3,0,4,0,0,0,0,0,4,0,4,0,0,0,0.0,0.0,0.0,0.0
698,1999106738,ローエングリン,1,0,2,0,0,0,0,0,2,0,2,0,0,0,0.0,0.0,0.0,0.0
699,1993101237,ロイヤルタッチ,1,0,1,0,0,0,0,0,1,0,0,0,1,0,0.0,0.0,0.0,0.0
700,1981100841,ワカオライデン,1,0,1,0,0,0,0,0,1,0,0,0,1,0,0.0,0.0,0.0,0.0
701,000a000d02,ワッスルタッチ,1,0,1,0,0,0,0,0,1,0,0,0,1,0,0.0,0.0,0.0,0.0
702,000a000396,ワレンダー,1,0,1,0,0,0,0,0,1,0,0,0,1,0,0.0,0.0,0.0,0.0
