,id,name,win_count,second_place_count,third_place_count,unplaced_count,grade_race_count,grade_race_win,stakes_race_count,stakes_race_win,general_race_count,general_race_win,turf_race_count,turf_race_win,dart_race_count,dart_race_win,win_ratio,in_second_place_ratio,in_third_place_ratio,prize
0,o_0kaJJzTEF0d,サンデーレーシング,43,29,35,201,35,5,79,8,194,30,223,28,80,15,0.14,0.234,0.347,104215.7
1,o_4EVBJzTEF0d,シルクレーシング,32,29,23,156,25,6,63,8,152,18,164,23,75,9,0.133,0.254,0.35,81258.9
2,o_4ERnJzTEF0d,キャロットファーム,28,29,29,196,32,1,86,10,164,17,207,24,73,4,0.099,0.202,0.305,63561.3
3,o_4ERFFzTEF0d,社台レースホース,27,31,25,218,21,1,69,7,211,19,166,16,127,9,0.09,0.193,0.276,56277.7
4,o_0ERBpXTEl1d,ゴドルフィン,27,13,14,144,7,3,36,5,155,19,98,16,98,11,0.136,0.202,0.273,52252.5
5,o_4EVRJzTEF0d,サラブレッドクラブ・ラフィアン,22,22,21,236,19,0,83,7,199,15,187,10,94,8,0.073,0.146,0.216,45430.9
6,o_4EVJpXTEFUM,松本好雄,31,19,22,256,6,0,67,5,255,26,95,3,220,25,0.095,0.152,0.22,42688.2
7,o_0ERjFzTEFke,サトミホースカンパニー,13,12,12,55,11,2,22,6,59,5,60,8,27,5,0.141,0.272,0.402,38929.5
8,o_8ERBRzTEF0d,Ｇ１レーシング,15,21,17,105,15,1,31,1,112,13,80,8,72,7,0.095,0.228,0.335,36498.2
9,o_4kerdXTEFUM,吉田勝己,15,14,12,81,9,1,39,6,74,8,83,10,38,5,0.123,0.238,0.336,33410.4
10,o_0EVnd3TEF0d,東京ホースレーシング,11,12,13,89,14,0,40,5,71,6,78,9,42,2,0.088,0.184,0.288,28351.6
11,o_4keBRzTEF0d,金子真人ホールディングス,10,17,14,68,11,0,40,4,58,6,76,8,31,2,0.092,0.248,0.376,28113.3
12,o_4EVRNzTEF0d,ヒダカ・ブリーダーズ・ユニオン,7,9,7,94,6,1,24,1,87,5,48,4,63,3,0.06,0.137,0.197,26890.9
13,o_0EVjd3TEF0d,ロードホースクラブ,11,15,9,66,9,0,30,4,62,7,61,8,40,3,0.109,0.257,0.347,25304.6
14,o_8EVRRTTEFkM,前田幸治,10,7,6,64,11,1,28,2,48,7,34,1,45,9,0.115,0.195,0.264,24963.7
15,o_4ERrBzTEF0d,ウイン,10,9,10,131,6,1,37,3,117,6,105,5,49,5,0.062,0.119,0.181,24429.1
16,o_8ERnNzTEF0d,ＮＩＣＫＳ,4,1,2,13,2,2,3,1,15,1,13,2,7,2,0.2,0.25,0.35,21687.2
17,o_4kaFVzTEF0d,ダノックス,10,4,6,58,7,1,20,5,51,4,46,6,29,4,0.128,0.179,0.256,21639.9
18,o_0EVNRTTEF0M,吉田和美,14,5,7,50,3,0,21,4,52,10,38,7,34,6,0.184,0.25,0.342,19915.8
19,o_0kenlXTEFEM,永井啓弍,8,10,11,95,7,0,33,1,84,7,50,2,63,6,0.065,0.145,0.234,19222.9
20,o_0ERRFzTEFke,カナヤマホールディングス,10,5,8,68,6,1,20,3,65,6,42,4,49,6,0.11,0.165,0.253,18959.2
21,o_0kajdXTEFkM,島川隆哉,9,9,9,82,10,0,21,3,78,6,62,2,43,7,0.083,0.165,0.248,18095.5
22,o_4EVFBTTEFEN,窪田康志,7,2,5,30,5,1,12,3,27,3,19,2,23,5,0.159,0.205,0.318,17788.2
23,o_4kenRzTEF0d,ノースヒルズ,13,10,7,100,4,0,24,2,102,11,49,4,73,5,0.1,0.177,0.231,16448.8
24,o_4EVNBTTEFkM,寺田千代乃,4,5,1,11,2,2,8,2,11,0,15,4,5,0,0.19,0.429,0.476,15418.5
25,o_4EVnRTTEFkM,山田和正,3,0,1,2,2,2,1,0,3,1,1,0,5,3,0.5,0.5,0.667,15185.6
26,o_8ERVBzTEF0d,ノルマンディーサラブレッドレーシング,9,5,7,115,4,0,20,1,112,8,52,3,80,5,0.066,0.103,0.154,14883.7
27,o_8ERrNTTEFUN,西山茂行,9,8,10,115,5,0,22,2,115,7,68,3,67,5,0.063,0.12,0.19,14634.6
28,o_0keVJTTEFUe,竹園正繼,5,3,8,102,5,1,16,1,97,3,32,0,78,5,0.042,0.068,0.136,14576.4
29,o_8ERVVTTEFUe,八木良司,7,10,9,100,1,0,33,2,92,5,41,1,82,5,0.056,0.135,0.206,14406.6
30,o_0ERBFzTEFke,キャピタル・システム,5,9,3,28,4,0,9,2,32,3,9,1,32,4,0.111,0.311,0.378,14348.3
31,o_0keNdXTEF0M,杉澤光雄,4,1,2,19,2,1,8,2,16,1,13,3,13,1,0.154,0.192,0.269,13551.2
32,o_0kerRTTEFUe,近藤利一,7,4,8,65,2,0,29,3,53,4,56,6,22,1,0.083,0.131,0.226,13424.6
33,o_0ERVh3TEFke,ＫＴレーシング,6,5,3,66,4,1,13,2,63,3,31,4,49,2,0.075,0.138,0.175,12740.9
34,o_8ERjl3TEF0d,三田昌宏,5,3,5,21,3,1,10,0,21,4,8,1,23,3,0.147,0.235,0.382,12432.2
35,o_8ERVhXTEFUN,岡田牧雄,7,11,4,133,7,0,31,1,117,6,69,2,77,5,0.045,0.116,0.142,11627.4
36,o_0keFdXTEF0M,吉田千津,7,3,5,44,2,0,9,3,48,4,27,5,32,2,0.119,0.169,0.254,11531.4
37,o_0kaJBTTEF0M,田中成奉,5,7,8,56,4,0,22,2,50,3,24,3,51,2,0.066,0.158,0.263,11509.1
38,o_0keBJTTEFEN,松岡隆雄,7,8,4,52,3,0,10,0,58,7,15,1,56,6,0.099,0.211,0.268,11171.6
39,o_8EVRFTTEFEM,奈村信重,6,4,3,41,1,0,11,2,42,4,11,0,42,6,0.111,0.185,0.241,10569.1
40,o_0EVnBTTE1ke,山本能成,7,4,7,39,0,0,8,2,49,5,10,1,46,6,0.123,0.193,0.316,10551.8
41,o_4keVRTTEFUM,吉田照哉,9,4,9,82,6,0,16,0,82,9,44,1,57,8,0.087,0.125,0.212,10534.4
42,o_0ERBNzTEFke,大川徹,5,7,4,41,1,0,19,1,37,4,21,1,32,3,0.088,0.211,0.281,10417.5
43,o_0ERNNzTEFke,廣崎利洋ＨＤ,5,2,2,23,2,0,4,0,26,5,7,1,25,4,0.156,0.219,0.281,10358.0
44,o_0EVRRzTEF0d,グリーンファーム,5,8,7,57,3,0,20,0,54,5,30,1,47,4,0.065,0.169,0.26,10255.8
45,o_0keBBTTEFEN,小笹公也,6,5,3,16,0,0,9,2,21,4,9,2,21,4,0.2,0.367,0.467,10126.1
46,o_0keZNTTEFEN,吉澤克己,4,12,6,40,1,0,9,1,52,3,20,1,42,3,0.065,0.258,0.355,10090.8
47,o_8ERVVTTEF0M,猪熊広次,5,6,2,46,6,0,17,1,36,4,21,1,38,4,0.085,0.186,0.22,9923.0
48,o_4kenFzTEF0d,栄進堂,7,6,6,49,0,0,11,0,57,7,26,3,39,4,0.103,0.191,0.279,9564.0
49,o_0ERZBjT6F0d,ＨｉｍＲｏｃｋＲａｃｉｎｇ,4,5,3,36,3,1,8,0,37,3,35,4,13,0,0.083,0.188,0.25,9504.8
50,o_4kajBTTEFEM,森中蕃,6,6,4,85,0,0,11,0,90,6,26,2,58,0,0.059,0.119,0.158,9302.0
51,o_4ERRhXTEF0M,野田みづき,4,3,4,31,6,0,5,0,31,4,31,2,11,2,0.095,0.167,0.262,9259.4
52,o_0kaRRTTEFUM,山元哲二,7,5,1,31,0,0,11,2,33,5,10,2,30,4,0.159,0.273,0.295,9165.9
53,o_4ERNhXTEFUe,馬場幸夫,4,6,1,17,2,0,7,2,19,2,5,0,23,4,0.143,0.357,0.393,8767.0
54,o_0kaRRTTE10d,石川達絵,5,3,3,22,3,1,3,1,27,3,13,4,20,1,0.152,0.242,0.333,8691.5
55,o_4keFJzTEF0d,ビッグレッドファーム,5,2,6,110,8,0,25,0,90,5,80,2,38,3,0.041,0.057,0.106,8675.6
56,o_8EVjdXTEFkM,栗本博晴,6,7,7,136,0,0,32,0,124,6,47,1,102,5,0.038,0.083,0.128,8587.2
57,o_0ERrRzTEFke,Ｇリビエール・レーシング,2,2,1,10,2,1,3,0,10,1,6,1,9,1,0.133,0.267,0.333,8570.7
58,o_4kajFTTE10d,林正道,4,7,5,54,1,0,9,0,60,4,27,4,36,0,0.057,0.157,0.229,8300.4
59,o_8ERrl3TEF0d,チョウサン,1,1,0,6,1,1,3,0,4,0,7,0,0,0,0.125,0.25,0.25,7560.8
60,o_4EVFFzTEF0d,タマモ,4,4,5,43,2,0,11,2,43,2,10,0,43,2,0.071,0.143,0.232,7551.4
61,o_0ERFp3TEFke,ディアレストクラブ,6,7,5,55,1,0,7,0,65,6,16,2,55,3,0.082,0.178,0.247,7417.0
62,o_0kerVTTE10d,久米田正明,4,4,2,18,3,0,8,2,17,2,17,2,11,2,0.143,0.286,0.357,7360.9
63,o_4EVRl3TEF0d,ライオンレースホース,2,4,7,57,0,0,15,1,55,1,20,2,48,0,0.029,0.086,0.186,7318.1
64,o_8EVNhXTE1ke,小松欣也,1,1,1,1,3,0,1,1,0,0,4,1,0,0,0.25,0.5,0.75,7187.0
65,o_0karhXTEFUe,増田陽一,3,1,2,12,5,1,4,1,9,1,10,2,8,1,0.167,0.222,0.333,6995.9
66,o_0kaZFTTEFEN,吉岡實,3,3,2,25,5,1,9,0,19,2,14,1,19,2,0.091,0.182,0.242,6976.1
67,o_0EVZpXTEFUe,北所直人,2,3,4,75,2,0,8,1,74,1,25,1,59,1,0.024,0.06,0.107,6923.6
68,o_4kaJVzTEF0d,ミルファーム,4,5,5,146,5,0,27,0,128,4,67,1,88,3,0.025,0.056,0.088,6824.6
69,o_0ERFFTTE1Ee,今西宏枝,1,1,0,3,2,1,1,0,2,0,1,0,2,0,0.2,0.4,0.4,6743.5
70,o_4keNhXTEFkM,福井明,3,0,1,14,6,1,5,1,7,1,11,2,7,1,0.167,0.167,0.222,6624.1
71,o_0ERFd3TEFke,市川義美ホールディングス,5,2,1,35,1,0,9,1,33,4,20,2,17,3,0.116,0.163,0.186,6612.9
72,o_0ERFVzTEF0d,さくらコマース,3,2,2,15,3,0,7,1,12,2,9,1,13,2,0.136,0.227,0.318,6547.8
73,o_4keZJzTEF0d,グリーンフィールズ,2,2,0,7,4,1,0,0,7,1,8,1,3,1,0.182,0.364,0.364,6408.1
74,o_0kaVlXTE10d,落合幸弘,2,3,5,13,4,0,1,0,18,2,14,1,9,1,0.087,0.217,0.435,6274.8
75,o_8EVZJTTEF0M,小林祥晃,3,5,5,34,1,0,10,1,36,2,11,0,36,3,0.064,0.17,0.277,6253.1
76,o_4ERZBTTE10d,田畑利彦,4,5,3,47,0,0,18,1,41,3,28,2,31,2,0.068,0.153,0.203,6157.4
77,o_0keRhXTEFUe,川島吉男,2,2,0,10,2,1,1,0,11,1,6,2,8,0,0.143,0.286,0.286,6138.7
78,o_0keNhXTEFUe,国本哲秀,1,7,5,69,5,0,18,0,59,1,42,0,36,1,0.012,0.098,0.159,6051.8
79,o_0keJdXTE10d,幅田京子,0,1,0,10,2,0,1,0,8,0,6,0,4,0,0.0,0.091,0.091,6010.6
80,o_8EVZJTTEFUe,深見富朗,4,2,4,22,1,0,9,2,22,2,13,4,18,0,0.125,0.188,0.312,5979.5
81,o_4keNNzTEF0d,亀田和弘,3,6,1,24,1,0,6,0,27,3,13,2,21,1,0.088,0.265,0.294,5763.0
82,o_4keVFTTE10d,吉木伸彦,3,1,2,22,1,0,8,2,19,1,17,2,11,1,0.107,0.143,0.214,5607.1
83,o_4kerJTTEFUe,大澤繁昌,2,2,2,23,5,0,8,1,16,1,8,1,21,1,0.069,0.138,0.207,5510.8
84,o_0EVZFTTE1ke,河合純二,2,1,4,18,1,0,11,1,13,1,11,1,14,1,0.08,0.12,0.28,5474.3
85,o_0keJVTTEFEM,土井肇,2,1,4,45,0,0,14,2,38,0,30,1,22,1,0.038,0.058,0.135,5419.8
86,o_0ERrh3TEFke,山紫水明,3,2,0,1,1,0,2,2,3,1,2,1,4,2,0.5,0.833,0.833,5391.3
87,o_0ERFVTTEFEM,加藤守,2,4,3,24,4,0,1,0,28,2,9,0,24,2,0.061,0.182,0.273,5367.2
88,o_4karFTTE1ke,永山勝敏,3,4,0,11,0,0,7,2,11,1,12,2,6,1,0.167,0.389,0.389,5321.8
89,o_0EVBl3TEF0d,ターフ・スポート,2,0,6,41,1,0,5,0,43,2,13,0,35,2,0.041,0.041,0.163,5321.0
90,o_8EVFhXTEFEN,松本好隆,3,6,1,30,0,0,5,0,35,3,1,0,35,2,0.075,0.225,0.25,5310.3
91,o_8EVnFTTEFEe,小林百太郎,3,1,3,31,2,0,3,0,33,3,5,1,25,2,0.079,0.105,0.184,5201.0
92,o_4EVnNTTEFEN,大城敬三,3,1,3,20,3,0,7,0,17,3,13,1,14,2,0.111,0.148,0.259,5181.2
93,o_8ERFlXTEFEN,石瀬浩三,4,2,0,22,0,0,8,0,20,4,11,2,16,2,0.143,0.214,0.214,5167.0
94,o_8ERrJzTEF0d,クイーンズ・ランチ,0,2,2,5,6,0,2,0,1,0,5,0,4,0,0.0,0.222,0.444,5121.3
95,o_0ERnBzTEF0d,ラッキーフィールド,2,1,2,8,2,0,3,1,8,1,8,2,2,0,0.154,0.231,0.385,5082.3
96,o_8EVBFTTE1ke,吉冨学,4,0,4,42,1,0,6,1,43,3,11,0,38,4,0.08,0.08,0.16,5031.0
97,o_4ERrhXTE10d,藤田在子,1,0,3,28,5,0,4,1,23,0,9,0,23,1,0.031,0.031,0.125,5010.0
98,o_8ERVFTTE10d,田頭勇貴,3,3,4,78,1,0,12,1,75,2,42,2,45,1,0.034,0.068,0.114,4991.6
99,o_0keJh3TEF0d,友駿ホースクラブ,2,4,2,39,1,0,11,1,35,1,13,0,32,2,0.043,0.128,0.17,4844.6
100,o_4ERnlXTEFUe,水上行雄,2,4,5,32,0,0,8,1,35,1,9,1,31,1,0.047,0.14,0.256,4777.6
101,o_8EVNFTTEFke,加藤久枝,2,3,2,14,0,0,6,2,15,0,7,0,12,1,0.095,0.238,0.333,4714.8
102,o_0kerVTTEFUN,嶋田賢,3,4,3,20,2,0,6,1,22,2,19,3,11,0,0.1,0.233,0.333,4690.2
103,o_8ERVRzTEF0d,大塚亮一,4,3,5,38,1,0,10,0,39,4,19,1,31,3,0.08,0.14,0.24,4688.5
104,o_4ERJNTTE10d,前原敏行,3,3,3,17,0,0,7,1,19,2,15,2,11,1,0.115,0.231,0.346,4531.4
105,o_0ERBRzTEFke,原禮子,3,5,3,15,0,0,4,0,22,3,11,1,12,2,0.115,0.308,0.423,4475.0
106,o_4ERBFTTEFkM,礒野日出夫,1,1,2,7,3,1,0,0,8,0,4,1,7,0,0.091,0.182,0.364,4399.1
107,o_8ERZVTTEFkM,鈴木隆司,1,1,4,22,2,0,7,1,19,0,18,1,6,0,0.036,0.071,0.214,4391.6
108,o_0ERVl3TEFke,大迫久美子,3,1,1,13,0,0,6,1,12,2,4,0,11,2,0.167,0.222,0.278,4315.8
109,o_0ERZp3TEFke,いとはんホールディングス,1,1,4,13,4,0,6,0,9,1,7,0,12,1,0.053,0.105,0.316,4308.0
110,o_0ERBl3TEFke,キーファーズ,4,2,3,15,1,0,2,0,21,4,15,2,9,2,0.167,0.25,0.375,4291.0
111,o_4kajVzTEF0d,湘南,2,2,1,10,0,0,5,2,10,0,9,2,6,0,0.133,0.267,0.333,4288.2
112,o_0kajhXTEFEN,安原浩司,1,6,3,15,1,0,10,0,14,1,10,0,15,1,0.04,0.28,0.4,4186.8
113,o_4keJNTTEFEN,谷掛龍夫,2,7,3,13,1,0,3,0,21,2,10,1,15,1,0.08,0.36,0.48,4182.0
114,o_4ERNJzTEF0d,駒秀,1,0,0,2,3,1,0,0,0,0,3,1,0,0,0.333,0.333,0.333,4163.0
115,o_8ERJVzTEF0d,中村徳也,1,3,2,27,0,0,13,1,20,0,25,1,8,0,0.03,0.121,0.182,4111.4
116,o_8EVNd3TEF0d,バイオ,1,5,2,13,1,0,1,0,19,1,10,1,11,0,0.048,0.286,0.381,4055.6
117,o_4kanJTTEFkM,平井裕,0,7,1,19,0,0,5,0,22,0,8,0,17,0,0.0,0.259,0.296,4049.2
118,o_0keVdXTEFUe,宮川純造,3,2,2,11,0,0,3,1,15,2,4,0,14,3,0.167,0.278,0.389,4007.8
119,o_0EVJBTTEFEN,山本英俊,2,1,3,19,4,0,6,0,15,2,14,1,9,1,0.08,0.12,0.24,4000.0
120,o_8EVRBTTE10d,加藤誠,3,1,2,16,0,0,4,1,18,2,3,0,19,3,0.136,0.182,0.273,3987.2
121,o_0EVjNTTE1ke,宮本昇,1,3,1,1,1,0,3,1,2,0,6,1,0,0,0.167,0.667,0.833,3984.4
122,o_8ERVpXTEFUe,松本俊廣,1,3,1,10,1,0,3,0,11,1,6,0,9,1,0.067,0.267,0.333,3871.4
123,o_4kanBTTE10d,岡田壮史,1,3,1,26,0,0,8,0,23,1,11,0,8,0,0.032,0.129,0.161,3822.3
124,o_4EVVp3TEF0d,広尾レース,2,3,1,24,0,0,6,0,24,2,15,1,12,1,0.067,0.167,0.2,3811.6
125,o_0kaZFTTE1ke,大野剛嗣,2,1,0,2,1,0,2,2,2,0,1,0,4,2,0.4,0.6,0.6,3808.6
126,o_8EVBJTTE1ke,小笹芳央,3,1,2,16,1,0,4,1,17,2,14,1,8,2,0.136,0.182,0.273,3806.8
127,o_0kerRTTE10d,保坂和孝,3,2,1,15,2,0,1,1,18,2,9,3,11,0,0.143,0.238,0.286,3805.9
128,o_0kejlXTEFUe,菊池五郎,2,5,2,15,0,0,1,0,23,2,1,0,23,2,0.083,0.292,0.375,3774.4
129,o_0ERFFTTEFEN,青山洋一,2,1,2,17,1,0,7,1,14,1,8,1,14,1,0.091,0.136,0.227,3717.7
130,o_0keFh3TEF0d,桂土地,2,0,1,1,2,0,1,1,1,1,3,1,1,1,0.5,0.5,0.75,3690.5
131,o_0EVJVTTEFUM,桐谷茂,2,3,3,29,0,0,10,0,27,2,1,0,36,2,0.054,0.135,0.216,3676.6
132,o_4keZdXTEFEN,岡田繁幸,3,0,0,10,0,0,5,1,8,2,5,2,8,1,0.231,0.231,0.231,3673.7
133,o_0ERNdXTEl1d,Ｈ．Ｈ．シェイク・ファハド,1,0,0,0,1,1,0,0,0,0,0,0,1,1,1.0,1.0,1.0,3658.8
134,o_0EVZRTTEFkM,増田雄一,1,3,3,33,0,0,10,0,30,1,18,0,19,1,0.025,0.1,0.175,3638.4
135,o_8ERZBzTEF0d,ディアマント,3,0,2,18,0,0,5,1,18,2,8,2,15,1,0.13,0.13,0.217,3548.7
136,o_0EVjlXTEFUe,池谷誠一,1,0,2,15,3,0,5,0,10,1,7,0,11,1,0.056,0.056,0.167,3529.5
137,o_0ERNl3TEF0d,ローレルレーシング,2,1,3,41,0,0,5,1,42,1,9,0,38,2,0.043,0.064,0.128,3529.2
138,o_0ERJBjT6F0d,長良レーシングクラブ,2,0,2,7,0,0,5,1,6,1,3,1,8,1,0.182,0.182,0.364,3521.3
139,o_0ERNpnT6F0d,アポロサラブレッドクラブ,2,5,6,19,1,0,4,0,27,2,5,0,27,2,0.062,0.219,0.406,3497.9
140,o_4karFTTEFEM,内村正則,4,0,1,23,0,0,12,0,16,4,14,2,14,2,0.143,0.143,0.179,3492.0
141,o_0keNBTTEFUN,小田切有一,2,1,4,57,1,0,22,0,41,2,38,0,26,2,0.031,0.047,0.109,3440.6
142,o_8EVBhXTEF0M,冨樫賢二,2,0,2,16,2,0,2,1,16,1,4,1,16,1,0.1,0.1,0.2,3383.1
143,o_8EVJlXTE10d,丸山担,3,1,3,12,1,0,2,0,16,3,7,0,12,3,0.158,0.211,0.368,3378.8
144,o_8ERNdXTE1ke,巴山尊文,1,3,0,0,0,0,4,1,0,0,4,1,0,0,0.25,1.0,1.0,3369.8
145,o_0kejdXTEFEN,岡浩二,2,2,3,31,3,0,4,0,31,2,15,2,20,0,0.053,0.105,0.184,3350.0
146,o_8ERVh3TEF0d,フジイ興産,3,2,0,7,0,0,4,1,8,2,5,1,7,2,0.25,0.417,0.417,3336.3
147,o_8ERJp3TEF0d,ヒルノ,2,3,1,11,1,0,4,0,12,2,4,0,13,2,0.118,0.294,0.353,3326.4
148,o_0keBl3TEF0d,辻牧場,0,2,1,5,1,0,5,0,2,0,8,0,0,0,0.0,0.25,0.375,3233.4
149,o_0kejlXTEFkM,近藤英子,2,1,3,13,1,0,4,1,14,1,16,2,3,0,0.105,0.158,0.316,3217.8
150,o_0ERjRTTEFkM,畑佐博,2,1,2,38,1,0,14,1,28,1,30,2,13,0,0.047,0.07,0.116,3211.3
151,o_8ERNlXTEFEN,平本敏夫,1,4,1,14,0,0,3,0,17,1,1,0,19,1,0.05,0.25,0.3,3205.0
152,o_4ERrFTTEFUM,伊東政清,1,2,0,6,0,0,6,1,3,0,2,1,7,0,0.111,0.333,0.333,3204.7
153,o_0kerpXTEFUe,南波壽,1,0,3,8,0,0,7,1,5,0,0,0,12,1,0.083,0.083,0.333,3172.8
154,o_8EVJNTTE1ke,日下部猛,3,0,1,9,0,0,2,0,11,3,5,1,8,2,0.231,0.231,0.308,3150.0
155,o_8EVrdXTE1ke,仲山誉志夫,1,1,0,6,0,0,5,1,3,0,0,0,8,1,0.125,0.25,0.25,3132.8
156,o_0EVVhXTEFkM,吉田和子,3,1,1,14,2,0,6,0,11,3,6,0,13,3,0.158,0.211,0.263,3115.0
157,o_8EVFJTTE1ke,服部邦繁,2,0,0,1,0,0,2,1,1,1,0,0,3,2,0.667,0.667,0.667,3113.8
158,o_0kejp3TEF0d,大野商事,2,3,1,14,0,0,7,0,13,2,5,0,15,2,0.1,0.25,0.3,3098.1
159,o_4EVndXTEF0M,相馬勇,2,2,1,39,2,0,10,0,32,2,12,0,32,2,0.045,0.091,0.114,3090.0
160,o_0ERVp3TEFke,杉山忠国,1,4,5,29,2,0,5,0,32,1,14,0,25,1,0.026,0.128,0.256,3063.0
161,o_0ERJJzTEFke,ＤＭＭドリームクラブ,1,0,0,2,1,0,1,1,1,0,3,1,0,0,0.333,0.333,0.333,3019.6
162,o_0ERRhXTEFUe,前田晋二,2,4,2,20,2,0,9,0,17,2,8,1,19,1,0.071,0.214,0.286,2985.0
163,o_0ERNd3TEFke,コスモヴューファーム,1,4,6,26,0,0,8,0,29,1,17,0,20,1,0.027,0.135,0.297,2975.0
164,o_4kaVJTTE1ke,菊地祐司,1,0,2,17,1,0,2,1,17,0,7,1,13,0,0.05,0.05,0.15,2943.0
165,o_8ERFdXTEFEN,坂巻勝彦,1,1,0,4,0,0,4,1,2,0,0,0,6,1,0.167,0.333,0.333,2936.8
166,o_8ERNh3TEF0d,青芝商事,1,2,1,10,1,0,3,0,10,1,2,0,12,1,0.071,0.214,0.286,2933.3
167,o_8EVndXTE1ke,了徳寺健二,2,0,1,27,0,0,3,1,27,1,15,1,15,1,0.067,0.067,0.1,2933.0
168,o_8ERjNzTEF0d,ラ・メール,2,0,3,26,1,0,7,0,23,2,10,0,21,2,0.065,0.065,0.161,2920.0
169,o_0ERRhXTEFEN,下河邉行雄,3,1,1,8,2,0,5,0,6,3,8,1,5,2,0.231,0.308,0.385,2919.0
170,o_0ERrFjT6F0d,コウトミックレーシング,2,1,0,17,0,0,6,1,14,1,12,1,8,1,0.1,0.15,0.15,2848.4
171,o_0EVFpXTE10d,坂本浩一,2,1,3,1,0,0,1,0,6,2,1,1,3,1,0.286,0.429,0.857,2825.1
172,o_4keZRTTEFkM,薪浦亨,1,3,2,16,3,0,3,0,16,1,7,0,15,1,0.045,0.182,0.273,2813.8
173,o_4ERjVzTEF0d,ダイリン,1,1,1,5,0,0,6,1,2,0,2,1,6,0,0.125,0.25,0.375,2761.8
174,o_0ERnpXTEFkM,瀧本和義,1,1,0,9,2,0,2,1,7,0,8,1,3,0,0.091,0.182,0.182,2735.2
175,o_0EVZVTTEFEN,山田和夫,0,0,0,8,2,0,2,0,4,0,3,0,5,0,0.0,0.0,0.0,2730.0
176,o_0keNRTTEF0M,村野康司,2,2,0,55,0,0,10,0,49,2,26,0,32,2,0.034,0.068,0.068,2685.0
177,o_8ERrBTTE10d,村上憲政,1,4,0,23,0,0,4,0,24,1,0,0,28,1,0.036,0.179,0.179,2677.4
178,o_0keZNTTE1ke,杉浦和也,1,3,3,24,0,0,4,0,27,1,12,0,16,1,0.032,0.129,0.226,2666.5
179,o_8EVZFzTEF0d,東豊物産,3,1,2,29,0,0,7,0,28,3,23,2,12,1,0.086,0.114,0.171,2665.0
180,o_8ERVhXTEF0M,山上和良,1,2,1,31,1,0,6,0,28,1,8,0,25,1,0.029,0.086,0.114,2660.0
181,o_4ERRBTTE10d,太田珠々子,1,0,1,5,1,0,1,0,5,1,2,0,5,1,0.143,0.143,0.286,2655.0
182,o_0ERVVjT6F0d,ユアストーリー,2,1,1,5,0,0,1,0,8,2,4,1,5,1,0.222,0.333,0.444,2650.0
183,o_0kaRdXTEFUM,山田博康,1,1,2,12,3,0,3,1,10,0,7,1,9,0,0.062,0.125,0.25,2638.5
184,o_0kajBTTEFUe,浅沼廣幸,2,1,4,59,0,0,7,0,59,2,23,0,43,2,0.03,0.045,0.106,2622.0
185,o_8ERVlXTE10d,佐々木雄二,2,1,0,9,1,0,4,0,7,2,4,1,7,1,0.167,0.25,0.25,2590.0
186,o_0ERnVzTEFke,了徳寺健二ホールディングス,2,1,2,32,3,0,3,1,31,1,17,1,20,1,0.054,0.081,0.135,2569.3
187,o_0ERFRjT6F0d,ロイヤルパーク,3,1,0,22,0,0,2,0,24,3,7,1,19,2,0.115,0.154,0.154,2540.0
188,o_4keZp3TEF0d,協和牧場,2,1,1,21,2,0,4,0,19,2,6,0,19,2,0.08,0.12,0.16,2530.0
189,o_4EVBFTTEF0M,西川恭子,1,1,1,10,0,0,5,1,8,0,1,0,12,1,0.077,0.154,0.231,2525.9
190,o_0keNRTTEFEN,北前孔一郎,1,0,1,25,0,0,5,1,22,0,7,0,20,1,0.037,0.037,0.074,2485.6
191,o_4keFl3TEF0d,オースミ,2,2,1,26,1,0,7,0,23,2,15,1,15,1,0.065,0.129,0.161,2480.0
192,o_4EVNhXTEFkM,小林昌志,2,3,2,27,1,0,11,0,22,2,11,1,21,1,0.059,0.147,0.206,2470.0
193,o_8ERjVzTEF0d,合同会社雅苑興業,2,2,3,23,0,0,2,0,28,2,9,0,21,2,0.067,0.133,0.233,2450.0
194,o_4kajNTTEFUN,西森鶴,1,2,4,37,3,0,5,0,36,1,12,0,32,1,0.023,0.068,0.159,2440.0
195,o_8ERZJTTEFkM,寺田寿男,2,1,1,11,0,0,3,1,12,1,10,1,5,1,0.133,0.2,0.267,2403.7
196,o_0EVnFzTEF0d,坂東牧場,2,1,1,14,0,0,7,0,11,2,10,1,8,1,0.111,0.167,0.222,2383.1
197,o_4keFdXTE1ke,上山牧,2,1,0,9,0,0,5,0,7,2,7,1,5,1,0.167,0.25,0.25,2360.6
198,o_8EVVVzTEF0d,協栄,0,3,2,9,1,0,0,0,13,0,10,0,4,0,0.0,0.214,0.357,2351.8
199,o_0ERRpXTE10d,原司郎,1,1,2,13,0,0,5,0,12,1,1,0,16,1,0.059,0.118,0.235,2344.7
200,o_8EVnBzTEF0d,平田牧場,2,2,0,11,0,0,4,0,11,2,1,0,13,2,0.133,0.267,0.267,2315.0
201,o_0ERJpXTEF0M,本谷兼三,2,0,2,9,0,0,5,0,8,2,9,1,4,1,0.154,0.154,0.308,2301.9
202,o_0EVBd3TEF0d,日進牧場,0,3,2,14,3,0,2,0,14,0,6,0,13,0,0.0,0.158,0.263,2294.4
203,o_4keNFTTE1ke,佐野信幸,0,3,3,24,0,0,5,0,25,0,6,0,24,0,0.0,0.1,0.2,2280.2
204,o_0ERjVjT6F0d,大塚Ｒｙ’ｓＣＬＵＢ,2,0,0,5,0,0,4,1,3,1,5,2,2,0,0.286,0.286,0.286,2271.0
205,o_4ERjhXTEFUe,海原聖一,1,2,0,7,0,0,4,0,6,1,7,1,3,0,0.1,0.3,0.3,2268.6
206,o_0EVZlXTE1ke,小坂功,2,1,1,3,2,0,2,0,3,2,5,1,2,1,0.286,0.429,0.571,2260.4
207,o_4karBTTEFEN,本間茂,1,1,0,5,0,0,4,1,3,0,5,1,2,0,0.143,0.286,0.286,2256.4
208,o_8EVFFTTEFEN,塩澤正樹,2,1,0,8,0,0,4,1,7,1,4,1,7,1,0.182,0.273,0.273,2255.5
209,o_0keVdXTEFEM,浅川皓司,2,1,1,13,0,0,0,0,17,2,4,1,13,1,0.118,0.176,0.235,2220.0
210,o_8ERjBzTEF0d,八木秀之,1,1,3,2,0,0,4,0,3,1,3,0,4,1,0.143,0.286,0.714,2209.0
211,o_8EVFRTTEFUe,谷口久和,1,1,3,12,0,0,9,0,8,1,1,0,16,1,0.059,0.118,0.294,2199.6
212,o_0EVRVTTEFUe,井山登,1,0,0,11,1,0,7,1,4,0,4,1,8,0,0.083,0.083,0.083,2193.1
213,o_8ERNVTTEFEM,上田けい子,1,1,1,13,0,0,5,1,11,0,10,1,6,0,0.062,0.125,0.188,2180.6
214,o_4kaRJTTE10d,中辻明,1,1,3,12,0,0,2,0,15,1,6,0,11,1,0.059,0.118,0.294,2154.4
215,o_4ERRdXTEFkM,山田貢一,1,0,1,4,0,0,2,1,4,0,1,0,5,1,0.167,0.167,0.333,2147.9
216,o_4EVNNTTEFUN,田原慶子,1,1,0,3,2,0,0,0,3,1,2,0,2,1,0.2,0.4,0.4,2116.6
217,o_4keRRTTEFUN,森保彦,2,0,2,12,1,0,6,1,9,1,8,2,8,0,0.125,0.125,0.25,2102.0
218,o_4kenp3TEF0d,小村アセットＭ,1,0,0,3,0,0,1,1,3,0,0,0,4,1,0.25,0.25,0.25,2073.6
219,o_0kaBRTTEFEN,窪田芳郎,1,1,1,30,2,0,9,0,22,1,15,0,18,1,0.03,0.061,0.091,2070.0
220,o_0ERVVzTEFke,加藤ステーブル,0,2,7,62,0,0,1,0,70,0,13,0,54,0,0.0,0.028,0.127,2060.0
221,o_8EVNBTTEFkM,伊東純一,1,1,0,17,0,0,2,1,17,0,5,0,11,1,0.053,0.105,0.105,2053.6
222,o_0ERNVTTE10d,宇田豊,1,1,1,13,1,0,4,1,11,0,9,1,7,0,0.062,0.125,0.188,2050.7
223,o_4EVNRTTEFUN,山岡良一,0,3,1,23,0,0,2,0,25,0,5,0,22,0,0.0,0.111,0.148,2045.0
224,o_4ERjhXTE1ke,中村政夫,1,1,1,11,3,0,6,0,5,1,12,1,2,0,0.071,0.143,0.214,2032.9
225,o_8EVjpXTEF0M,杉立恭平,0,1,1,0,1,0,1,0,0,0,0,0,0,0,0.0,0.5,1.0,2022.0
226,o_0ERRBTTEFEN,阿部雅英,2,0,0,10,2,0,4,1,6,1,10,2,2,0,0.167,0.167,0.167,2018.9
227,o_4EVjdXTEFUN,江口雄一郎,1,0,1,2,0,0,2,1,2,0,2,1,2,0,0.25,0.25,0.5,2008.4
228,o_0EVRVTTE1ke,内田玄祥,1,0,1,6,0,0,2,1,6,0,4,1,4,0,0.125,0.125,0.25,1998.5
229,o_4keJRTTEFEN,西田彰宏,1,0,2,4,0,0,4,0,3,1,7,1,0,0,0.143,0.143,0.429,1975.8
230,o_4ERRhXTEFUN,猪苗代勇,2,3,2,5,0,0,1,0,11,2,7,1,5,1,0.167,0.417,0.583,1975.0
231,o_0karNTTEFUe,市川義美,1,1,0,1,0,0,2,0,1,1,3,1,0,0,0.333,0.667,0.667,1972.4
232,o_4ERnBTTEF0M,田中康弘,0,0,2,14,3,0,7,0,6,0,13,0,3,0,0.0,0.0,0.125,1966.3
233,o_0kaRFTTE10d,前田葉子,1,0,2,5,0,0,2,1,6,0,3,1,2,0,0.125,0.125,0.375,1936.4
234,o_8ERZlXTEFkM,土井孝夫,1,1,0,8,0,0,2,1,8,0,6,1,4,0,0.1,0.2,0.2,1932.3
235,o_8ERJJzTEF0d,クラウン,1,0,0,17,0,0,14,0,4,1,14,0,2,0,0.056,0.056,0.056,1927.0
236,o_4keNdXTEFUe,中西浩一,2,0,2,11,0,0,0,0,15,2,6,1,9,1,0.133,0.133,0.267,1925.0
237,o_0ERRd3TEFke,明栄商事,2,0,1,13,0,0,1,0,15,2,5,1,9,0,0.125,0.125,0.188,1905.0
238,o_0EVJRTTEFEN,深見敏男,1,1,0,8,0,0,6,0,4,1,2,0,8,1,0.1,0.2,0.2,1894.2
239,o_4ERjh3TEF0d,アラキファーム,1,0,0,2,0,0,2,1,1,0,2,1,1,0,0.333,0.333,0.333,1856.4
240,o_4ERRhXTEFkM,高嶋哲,1,0,0,1,0,0,2,1,0,0,0,0,2,1,0.5,0.5,0.5,1855.0
241,o_4EVNFTTE1ke,古賀慎一,2,0,0,13,0,0,3,0,12,2,8,0,7,2,0.133,0.133,0.133,1850.0
242,o_0EVnpXTE1ke,和田吉弘,1,0,0,0,0,0,1,1,0,0,1,1,0,0,1.0,1.0,1.0,1849.4
243,o_8EVrBTTEFUe,飯田正剛,1,1,2,44,0,0,4,0,44,1,22,0,23,1,0.021,0.042,0.083,1845.0
244,o_4EVNJzTEF0d,大樹ファーム,0,2,2,21,1,0,4,0,20,0,11,0,14,0,0.0,0.08,0.16,1841.6
245,o_0kaRpXTEFEN,國分純,1,2,2,13,0,0,1,0,17,1,9,0,9,1,0.056,0.167,0.278,1835.0
246,o_0ERJd3TEFke,合同会社三度屋,0,0,3,6,0,0,8,0,1,0,8,0,1,0,0.0,0.0,0.333,1835.0
247,o_4EVJBTTE10d,鈴木邦英,1,1,2,22,1,0,2,0,23,1,5,0,21,1,0.038,0.077,0.154,1830.0
248,o_0ERZh3TEF0d,永井商事,1,2,3,30,1,0,5,0,30,1,7,0,25,1,0.028,0.083,0.167,1780.0
249,o_4keVl3TEF0d,ニットー商事,1,0,0,2,0,0,2,1,1,0,2,1,1,0,0.333,0.333,0.333,1767.8
250,o_8ERrFzTEF0d,Ｂａｓｉｃ,2,1,0,17,1,0,1,0,18,2,6,0,12,2,0.1,0.15,0.15,1760.0
251,o_0keJhXTEFEM,河内孝夫,2,1,2,13,0,0,0,0,18,2,3,0,15,2,0.111,0.167,0.278,1752.0
252,o_0kejlXTEFEN,三宅勝俊,1,2,2,18,0,0,1,0,22,1,9,0,12,1,0.043,0.13,0.217,1750.0
253,o_4kenRTTE1ke,陳立文,2,0,1,1,0,0,0,0,4,2,0,0,4,2,0.5,0.5,0.75,1730.0
254,o_4EVRh3TEF0d,半沢,2,1,3,21,0,0,1,0,26,2,0,0,27,2,0.074,0.111,0.222,1725.0
255,o_0kaZdXTEFkM,藤田孟司,2,1,1,5,0,0,1,0,8,2,1,0,8,2,0.222,0.333,0.444,1710.0
256,o_4kaNdXTEFkM,高橋勉,0,1,2,9,0,0,4,0,8,0,5,0,7,0,0.0,0.083,0.25,1710.0
257,o_4keVlXTEFkM,石川博,1,0,0,6,0,0,6,1,1,0,3,1,4,0,0.143,0.143,0.143,1708.6
258,o_4EVVdXTE1ke,大野照旺,1,1,2,11,0,0,0,0,15,1,3,0,12,1,0.067,0.133,0.267,1690.0
259,o_8ERnl3TEF0d,合同会社小林英一ホールディングス,1,2,1,8,0,0,4,0,8,1,8,1,4,0,0.083,0.25,0.333,1680.5
260,o_4kaJVTTEF0M,西川光一,1,2,2,16,0,0,7,0,14,1,2,0,19,1,0.048,0.143,0.238,1669.2
261,o_4keVdXTEFUM,坪野谷和平,0,1,2,0,0,0,3,0,0,0,3,0,0,0,0.0,0.333,1.0,1665.5
262,o_4kenVTTEFkM,松本和子,0,4,1,12,0,0,0,0,17,0,0,0,10,0,0.0,0.235,0.294,1658.0
263,o_8EVFlXTEFUe,中西宏彰,0,2,0,12,0,0,4,0,10,0,9,0,5,0,0.0,0.143,0.143,1624.0
264,o_0EVFNTTE10d,中西功,1,2,1,18,0,0,2,0,20,1,6,0,16,1,0.045,0.136,0.182,1615.0
265,o_0EVNlXTE10d,澤田昭紀,0,1,2,25,2,0,4,0,22,0,8,0,20,0,0.0,0.036,0.107,1610.0
266,o_4ERFNTTE10d,山田信太郎,1,2,1,1,0,0,1,0,4,1,5,1,0,0,0.2,0.6,0.8,1604.9
267,o_8EVnlXTEFkM,豊原正嗣,2,1,0,6,0,0,2,0,7,2,1,0,8,2,0.222,0.333,0.333,1550.0
268,o_8ERZFzTEF0d,エンジェルレーシング,1,3,2,7,0,0,0,0,13,1,9,0,4,1,0.077,0.308,0.462,1535.0
269,o_0ERjFzTEF0d,千明牧場,0,3,2,10,0,0,3,0,12,0,7,0,8,0,0.0,0.2,0.333,1530.0
270,o_0ERjh3TEFke,大森悌次,0,3,0,4,0,0,1,0,6,0,6,0,1,0,0.0,0.429,0.429,1522.6
271,o_4ERRpXTE10d,田中準市,2,0,0,4,0,0,2,0,4,2,2,0,4,2,0.333,0.333,0.333,1520.0
272,o_0keZp3TEF0d,三嶋牧場,1,0,2,16,0,0,6,0,13,1,10,1,9,0,0.053,0.053,0.158,1520.0
273,o_8ERrVTTE10d,崎川美枝子,2,0,0,1,1,0,1,1,1,1,3,2,0,0,0.667,0.667,0.667,1514.7
274,o_0kaVRTTEFkM,木村信彦,1,0,1,16,0,0,4,0,14,1,5,0,13,1,0.056,0.056,0.111,1514.5
275,o_4kaNFTTEFUe,小林一成,1,0,1,0,0,0,2,1,0,0,0,0,2,1,0.5,0.5,1.0,1489.3
276,o_0keZlXTE10d,星野祐介,0,2,2,2,0,0,1,0,5,0,0,0,6,0,0.0,0.333,0.667,1488.8
277,o_4ERnRTTEF0M,栗本守,0,1,4,11,0,0,6,0,10,0,6,0,10,0,0.0,0.062,0.312,1488.2
278,o_4kenNTTEFUe,西村豊,1,1,0,1,0,0,1,0,2,1,0,0,3,1,0.333,0.667,0.667,1470.0
279,o_4kaNhXTEFkM,安岡美津子,1,1,1,9,0,0,1,0,11,1,7,1,5,0,0.083,0.167,0.25,1465.9
280,o_4ERrdXTEFkM,門野重雄,1,1,4,11,1,0,2,0,14,1,6,0,11,1,0.059,0.118,0.353,1430.0
281,o_0kaZRTTEFEN,小田吉男,1,1,1,8,0,0,0,0,11,1,2,0,9,1,0.091,0.182,0.273,1430.0
282,o_8EVjRzTEF0d,ＬＳ．Ｍ,2,1,0,17,3,0,1,0,16,2,2,0,18,2,0.1,0.15,0.15,1425.0
283,o_0ERVhnT6F0d,キャピタルクラブ,1,1,2,9,0,0,0,0,13,1,3,0,10,1,0.077,0.154,0.308,1420.0
284,o_4kaJRTTEFEN,三宅正義,0,0,1,0,1,0,0,0,0,0,0,0,1,0,0.0,0.0,1.0,1416.8
285,o_0ERZh3TEFke,三協ファーム,0,1,0,0,1,0,0,0,0,0,1,0,0,0,0.0,1.0,1.0,1414.6
286,o_4kerRTTEFEN,一村哲也,2,0,0,20,1,0,6,0,15,2,7,0,15,2,0.091,0.091,0.091,1410.0
287,o_0keBNTTE1ke,田畑富子,0,2,1,9,2,0,1,0,9,0,4,0,8,0,0.0,0.167,0.25,1410.0
288,o_4kaFVTTEFUe,田中晴夫,2,0,1,13,0,0,3,0,13,2,2,0,14,2,0.125,0.125,0.188,1400.0
289,o_0kaVRTTE10d,山住勲,1,3,0,23,0,0,0,0,27,1,6,0,21,1,0.037,0.148,0.148,1397.0
290,o_8ERRp3TEF0d,ブルアンドベア,0,1,4,53,0,0,3,0,55,0,14,0,43,0,0.0,0.017,0.086,1396.0
291,o_8EVFVTTEFUe,山下新一,2,1,0,6,0,0,2,0,7,2,1,0,8,2,0.222,0.333,0.333,1375.0
292,o_8EVjp3TEF0d,コオロ,1,1,1,6,1,0,0,0,8,1,0,0,9,1,0.111,0.222,0.333,1370.0
293,o_8EVFhXTEFUN,曽我司,0,3,0,9,0,0,1,0,11,0,3,0,7,0,0.0,0.25,0.25,1366.0
294,o_0kanhXTEFEN,水上ふじ子,1,2,0,6,1,0,2,0,6,1,6,1,3,0,0.111,0.333,0.333,1360.0
295,o_0kaFBTTE1ke,澤田孝之,1,2,0,4,0,0,0,0,7,1,0,0,7,1,0.143,0.429,0.429,1350.0
296,o_4kaFJTTE10d,水谷昌晃,1,1,3,17,0,0,3,0,19,1,3,0,19,1,0.045,0.091,0.227,1345.0
297,o_0kaJNTTEF0M,高瀬真尚,1,0,0,12,2,0,4,0,7,1,10,0,3,1,0.077,0.077,0.077,1330.0
298,o_4keJVTTEFEN,共田義夫,1,1,1,7,0,0,1,0,9,1,1,0,7,1,0.1,0.2,0.3,1310.0
299,o_8EVBVTTEFkM,草間庸文,1,2,0,6,0,0,3,0,6,1,5,0,4,1,0.111,0.333,0.333,1306.2
300,o_4karpXTE1ke,金山敏也,1,1,0,13,0,0,6,0,9,1,8,1,7,0,0.067,0.133,0.133,1305.8
301,o_0keFlXTEFkM,山岡正人,1,0,1,15,2,0,3,0,12,1,5,0,12,1,0.059,0.059,0.118,1300.0
302,o_4kaFJzTEF0d,フジワラ・ファーム,0,2,2,15,0,0,2,0,17,0,3,0,16,0,0.0,0.105,0.211,1300.0
303,o_4EVJFTTEFEM,飯田吉哉,1,1,0,2,1,0,0,0,3,1,4,1,0,0,0.25,0.5,0.5,1292.0
304,o_0ERjFTTEFUe,小川勲,1,0,0,20,0,0,7,1,14,0,13,1,8,0,0.048,0.048,0.048,1280.5
305,o_0kaRFzTEF0d,佐藤牧場,1,0,0,1,0,0,1,0,1,1,0,0,2,1,0.5,0.5,0.5,1280.0
306,o_4EVBdXTEF0M,沼川一彦,1,2,1,11,0,0,6,0,9,1,7,0,8,1,0.067,0.2,0.267,1272.0
307,o_4keZBTTEFEe,谷水雄三,1,0,1,10,1,0,6,0,5,1,9,1,3,0,0.083,0.083,0.167,1262.9
308,o_4keZRTTEFUM,古賀和夫,1,2,0,8,0,0,2,0,9,1,5,0,6,1,0.091,0.273,0.273,1260.0
309,o_0keBJTTE1ke,山本能行,1,0,0,3,0,0,2,0,2,1,1,0,3,1,0.25,0.25,0.25,1232.0
310,o_4keBdXTEFkM,香川憲次,1,3,1,8,0,0,2,0,11,1,3,0,10,1,0.077,0.308,0.385,1230.0
311,o_4ERJFTTE10d,堂守貴志,1,1,0,7,0,0,0,0,9,1,4,0,5,1,0.111,0.222,0.222,1230.0
312,o_4kejhXTEFUN,伊坂重憲,1,0,1,3,0,0,1,0,4,1,1,0,1,0,0.2,0.2,0.4,1230.0
313,o_8EVjdXTEF0M,秋谷壽之,1,3,0,15,0,0,0,0,19,1,0,0,19,1,0.053,0.211,0.211,1225.0
314,o_0keNhXTE1ke,土田重実,2,0,0,0,0,0,0,0,2,2,0,0,2,2,1.0,1.0,1.0,1220.0
315,o_0ERNlXTE1Ee,上田江吏子,2,0,0,2,0,0,1,0,3,2,2,0,2,2,0.5,0.5,0.5,1220.0
316,o_4kanVTTEFUe,平野武志,1,2,0,7,0,0,3,0,7,1,5,0,5,1,0.1,0.3,0.3,1220.0
317,o_4keRNTTE10d,三浦大輔,0,1,0,4,0,0,2,0,3,0,1,0,4,0,0.0,0.2,0.2,1219.8
318,o_4ERNh3TEF0d,シンボリ牧場,1,0,1,11,0,0,3,0,10,1,8,1,5,0,0.077,0.077,0.154,1210.7
319,o_4EVjl3TEF0d,ハイパワー商事,1,1,1,0,0,0,0,0,3,1,0,0,3,1,0.333,0.667,1.0,1210.0
320,o_0kaVpXTE10d,芳川貴行,1,1,0,2,0,0,2,0,2,1,1,0,3,1,0.25,0.5,0.5,1190.0
321,o_0keNhXTEFkM,本杉芳郎,1,1,0,4,0,0,2,0,4,1,2,0,4,1,0.167,0.333,0.333,1180.4
322,o_0ERFFTTEFkM,村島昭男,1,1,0,1,0,0,0,0,3,1,0,0,3,1,0.333,0.667,0.667,1170.0
323,o_0ERjRzTEF0d,トウショウ産業,0,2,2,14,1,0,4,0,13,0,5,0,13,0,0.0,0.111,0.222,1165.0
324,o_0keBBTTE10d,松田整二,0,2,1,21,0,0,2,0,22,0,12,0,12,0,0.0,0.083,0.125,1153.0
325,o_0kaNRTTE1ke,吉冨朝美,1,2,0,4,0,0,0,0,7,1,3,0,4,1,0.143,0.429,0.429,1150.0
326,o_0kaBlXTE1ke,川勝裕之,1,0,2,3,0,0,0,0,6,1,2,0,4,1,0.167,0.167,0.5,1145.0
327,o_4karVTTEFUN,山田美喜男,1,0,2,1,0,0,1,0,3,1,2,0,2,1,0.25,0.25,0.75,1130.0
328,o_4EVVJTTE1ke,西村亮二,1,2,1,4,0,0,0,0,8,1,1,0,7,1,0.125,0.375,0.5,1125.0
329,o_0ERRpXTEFEN,林千枝子,0,3,0,9,1,0,4,0,7,0,2,0,10,0,0.0,0.25,0.25,1125.0
330,o_0kerdXTEFUe,節英司,0,0,2,6,0,0,5,0,3,0,0,0,8,0,0.0,0.0,0.25,1124.7
331,o_0EVJFTTEFEN,菅波雅巳,1,0,2,8,0,0,0,0,11,1,1,0,10,1,0.091,0.091,0.273,1120.0
332,o_4kanRTTEFkM,宮本孝一,0,4,1,9,0,0,2,0,12,0,4,0,10,0,0.0,0.286,0.357,1112.0
333,o_0keJhXTEFUN,渡邊隆,0,0,3,3,0,0,3,0,3,0,4,0,0,0,0.0,0.0,0.5,1108.3
334,o_4kerNTTEFEN,栗山良子,1,1,0,8,0,0,0,0,10,1,2,0,8,1,0.1,0.2,0.2,1105.0
335,o_0ERjBzTEFke,インフィニテュード・シンジケート,0,0,0,1,1,0,0,0,0,0,1,0,0,0,0.0,0.0,0.0,1100.0
336,o_0keNRTTEFkM,江川伸夫,0,2,0,13,0,0,3,0,12,0,1,0,14,0,0.0,0.133,0.133,1080.6
337,o_4keFlXTE1ke,居城寿与,1,1,1,10,2,0,2,0,9,1,3,0,10,1,0.077,0.154,0.231,1080.0
338,o_4ERRFTTE10d,磯波勇,0,1,2,6,0,0,1,0,8,0,0,0,3,0,0.0,0.111,0.333,1058.0
339,o_0ERFRTTE1ke,石川秀守,0,0,1,4,2,0,1,0,2,0,5,0,0,0,0.0,0.0,0.2,1050.0
340,o_4keBlXTEFUN,小谷野次郎,0,1,2,13,0,0,1,0,15,0,3,0,13,0,0.0,0.062,0.188,1045.0
341,o_4kaZFTTE10d,杉田周作,1,1,0,6,0,0,1,0,7,1,0,0,8,1,0.125,0.25,0.25,1035.0
342,o_8ERRdXTEFEN,兼松忠男,0,1,1,5,0,0,4,0,3,0,3,0,4,0,0.0,0.143,0.286,1033.2
343,o_0ERjp3TEFke,大冨智弘,1,2,1,0,0,0,0,0,4,1,4,1,0,0,0.25,0.75,1.0,1030.0
344,o_0keFpXTEFEN,友水達也,1,0,0,3,2,0,1,1,1,0,4,1,0,0,0.25,0.25,0.25,1028.0
345,o_0ERFNTTE1Ee,会田裕一,1,0,0,1,1,0,1,1,0,0,2,1,0,0,0.5,0.5,0.5,1028.0
346,o_4ERnFTTEF0M,河村隆平,1,1,0,4,0,0,0,0,6,1,0,0,6,1,0.167,0.333,0.333,1025.0
347,o_8ERVVTTE10d,樋口稔,1,0,0,3,2,0,1,1,1,0,4,1,0,0,0.25,0.25,0.25,1023.8
348,o_8EVRNTTE10d,久米田正平,1,1,0,1,1,0,0,0,2,1,3,1,0,0,0.333,0.667,0.667,1010.0
349,o_0ERnVTTEFUe,小島將之,0,3,0,5,0,0,0,0,8,0,0,0,8,0,0.0,0.375,0.375,1010.0
350,o_4ERRJTTEF0M,馬場祥晃,0,3,0,13,0,0,4,0,12,0,10,0,6,0,0.0,0.188,0.188,1006.8
351,o_0keZNzTEF0d,グランド牧場,1,1,1,9,0,0,0,0,12,1,1,0,11,1,0.083,0.167,0.25,1005.0
352,o_4ERRpXTE1ke,新谷幸義,0,1,1,7,0,0,0,0,9,0,7,0,2,0,0.0,0.111,0.222,1005.0
353,o_0ERNhXTEl1d,張一達,1,0,0,3,0,0,1,0,3,1,0,0,3,1,0.25,0.25,0.25,990.0
354,o_8EVnhXTEFUe,中村勝彦,0,2,0,9,0,0,1,0,10,0,0,0,11,0,0.0,0.182,0.182,990.0
355,o_0kaNdXTEFEN,有馬博文,0,0,1,3,1,0,0,0,3,0,3,0,1,0,0.0,0.0,0.25,990.0
356,o_8EVrRTTEFEM,谷二,0,0,1,2,2,0,1,0,0,0,3,0,0,0,0.0,0.0,0.333,989.0
357,o_0keRJTTEFkM,伊藤正男,1,0,1,5,0,0,0,0,7,1,0,0,7,1,0.143,0.143,0.286,987.0
358,o_0EVFNzTEF0d,高昭牧場,1,1,0,13,0,0,0,0,15,1,1,0,14,1,0.067,0.133,0.133,975.0
359,o_4kaBJTTE1ke,佐藤啓子,1,0,0,5,0,0,1,0,5,1,1,0,5,1,0.167,0.167,0.167,960.0
360,o_4ERZp3TEF0d,名古屋友豊,0,1,1,23,0,0,2,0,23,0,13,0,12,0,0.0,0.04,0.08,960.0
361,o_0EVJlXTEFEN,田中昇,1,0,1,2,0,0,0,0,4,1,0,0,4,1,0.25,0.25,0.5,955.0
362,o_0kaRNTTEFkM,中野和子,1,1,1,0,0,0,0,0,3,1,0,0,3,1,0.333,0.667,1.0,940.0
363,o_8EVFd3TEF0d,グランデオーナーズ,1,0,1,1,0,0,1,0,2,1,1,0,2,1,0.333,0.333,0.667,940.0
364,o_4EVNdXTEFkM,丸岡啓一,1,0,1,5,0,0,2,0,5,1,4,0,3,1,0.143,0.143,0.286,936.1
365,o_0kaRNTTE10d,芳賀克也,1,1,1,14,1,0,2,0,14,1,3,0,14,1,0.059,0.118,0.176,935.0
366,o_4ERVhXTE1ke,佐藤範夫,1,1,0,6,0,0,0,0,8,1,1,0,7,1,0.125,0.25,0.25,935.0
367,o_4EVRpXTEFkM,小原該一,0,1,0,5,0,0,4,0,2,0,1,0,1,0,0.0,0.167,0.167,916.8
368,o_8ERRhXTE10d,河崎五市,1,0,0,9,1,0,4,0,5,1,5,0,5,1,0.1,0.1,0.1,910.0
369,o_4keBBTTEFkM,板橋秋,1,0,0,2,0,0,2,0,1,1,1,0,2,1,0.333,0.333,0.333,900.0
370,o_0ERVh3TEF0d,那須野牧場,1,0,0,7,1,0,2,0,5,1,3,0,5,1,0.125,0.125,0.125,900.0
371,o_0keBRTTEFUe,飯塚知一,1,1,0,5,0,0,4,0,3,1,5,1,2,0,0.143,0.286,0.286,890.0
372,o_4ERJFTTEFkM,細川祐季子,0,0,1,2,0,0,3,0,0,0,0,0,3,0,0.0,0.0,0.333,884.7
373,o_4kaFhXTEFkM,大林一彦,1,0,2,5,0,0,0,0,8,1,1,0,7,1,0.125,0.125,0.375,882.0
374,o_8EVZNTTE1ke,谷岡毅,1,1,1,0,0,0,0,0,3,1,3,1,0,0,0.333,0.667,1.0,880.0
375,o_4kendXTEFUN,池田實,1,0,1,9,0,0,3,0,8,1,5,0,6,1,0.091,0.091,0.182,865.0
376,o_4ERjpXTE10d,高野哲,1,0,0,3,0,0,1,0,3,1,0,0,4,1,0.25,0.25,0.25,855.0
377,o_0kanBTTEFEN,久米大,0,0,4,8,0,0,2,0,10,0,1,0,11,0,0.0,0.0,0.333,850.1
378,o_0kajlXTEFEN,下河辺隆行,1,0,1,9,0,0,3,0,8,1,5,1,6,0,0.091,0.091,0.182,850.0
379,o_0ERjFTTEFkM,天白泰司,1,0,0,6,0,0,3,0,4,1,4,1,3,0,0.143,0.143,0.143,842.0
380,o_4kaNhXTEFUe,山中和子,1,0,1,8,0,0,1,0,9,1,3,0,4,1,0.1,0.1,0.2,840.0
381,o_8EVJVTTEFUe,大八木信行,1,0,1,25,0,0,6,0,21,1,9,0,17,1,0.037,0.037,0.074,840.0
382,o_8EVZdXTE10d,玉腰勇吉,1,0,2,4,0,0,0,0,7,1,3,1,4,0,0.143,0.143,0.429,835.0
383,o_0ERrVTTEF0M,西村專次,0,2,1,17,0,0,0,0,20,0,1,0,19,0,0.0,0.1,0.15,835.0
384,o_0ERNJTTEFkM,加藤徹,1,1,1,16,0,0,3,0,16,1,6,0,13,1,0.053,0.105,0.158,830.0
385,o_0kaRBTTE1ke,丹羽久一郎,1,1,1,0,0,0,0,0,3,1,3,1,0,0,0.333,0.667,1.0,830.0
386,o_8EVVdXTEFkM,日隈良江,1,0,0,8,0,0,0,0,9,1,3,0,6,1,0.111,0.111,0.111,825.0
387,o_0ERjlnT6F0d,ｅ馬主組合,1,0,0,1,0,0,0,0,2,1,2,1,0,0,0.5,0.5,0.5,825.0
388,o_8EVZdXTEFkM,薗部博之,1,0,0,13,0,0,7,0,7,1,7,0,7,1,0.071,0.071,0.071,825.0
389,o_0kaFlXTEFEN,小野博郷,1,0,0,15,0,0,0,0,16,1,6,0,10,1,0.062,0.062,0.062,805.0
390,o_0kaBVzTEF0d,レオ,1,1,0,1,0,0,0,0,3,1,0,0,3,1,0.333,0.667,0.667,800.0
391,o_4keVdXTE1ke,親川智行,1,0,0,3,0,0,1,0,3,1,4,1,0,0,0.25,0.25,0.25,800.0
392,o_0ERrNTTEF0M,上野武,1,1,0,1,0,0,0,0,3,1,0,0,3,1,0.333,0.667,0.667,790.0
393,o_0ERVlXTEFUN,宮原廣伸,0,2,1,8,0,0,1,0,10,0,3,0,8,0,0.0,0.182,0.273,785.0
394,o_0ERRJzTEFke,フクキタル,1,0,2,2,0,0,0,0,5,1,3,1,2,0,0.2,0.2,0.6,780.0
395,o_8ERRpXTE10d,中村時子,1,0,2,0,0,0,0,0,3,1,0,0,3,1,0.333,0.333,1.0,780.0
396,o_4kaJRTTEF0M,中西忍,1,0,1,1,0,0,0,0,3,1,0,0,3,1,0.333,0.333,0.667,780.0
397,o_4kerdXTE10d,花野友象,1,0,0,1,0,0,0,0,2,1,0,0,0,0,0.5,0.5,0.5,780.0
398,o_4ERjpXTEFEN,武田茂男,1,0,0,5,0,0,0,0,6,1,0,0,4,0,0.167,0.167,0.167,780.0
399,o_0EVVNTTEFUe,齊藤宣勝,1,0,0,3,0,0,0,0,4,1,2,0,1,0,0.25,0.25,0.25,780.0
400,o_0ERVNzTEFke,北幸商事,0,2,2,4,0,0,1,0,7,0,6,0,2,0,0.0,0.25,0.5,780.0
401,o_0kaJhXTE10d,本間充,1,1,0,4,0,0,0,0,6,1,0,0,6,1,0.167,0.333,0.333,775.0
402,o_4EVFdXTE1ke,天堀忠博,0,1,0,6,3,0,1,0,3,0,4,0,3,0,0.0,0.143,0.143,768.2
403,o_4EVjJTTEFUN,荻原昭二,1,0,2,0,0,0,0,0,3,1,2,0,1,1,0.333,0.333,1.0,760.0
404,o_0ERFFzTEFke,サイプレスホールディングス合同会社,1,0,1,6,0,0,0,0,8,1,2,0,6,1,0.125,0.125,0.25,755.0
405,o_0ERjdnT6F0d,Ｈ．ＦＡｓｓｏｃｉａｔｉｏｎ,0,1,2,5,0,0,0,0,8,0,0,0,8,0,0.0,0.125,0.375,755.0
406,o_4EVBFTTEFkM,堀紘一,1,0,0,11,0,0,1,0,11,1,0,0,12,1,0.083,0.083,0.083,750.0
407,o_0EVBNzTEF0d,中山牧場,1,0,0,2,0,0,0,0,3,1,1,0,2,1,0.333,0.333,0.333,750.0
408,o_0ERNpXTEl1d,Ｋ．Ｓ．ヤップ,1,0,0,2,0,0,0,0,3,1,0,0,3,1,0.333,0.333,0.333,750.0
409,o_8ERRlXTE1ke,小泉修,1,0,0,6,0,0,0,0,7,1,2,0,5,1,0.143,0.143,0.143,750.0
410,o_0kaVFTTE10d,守内満,1,0,0,7,0,0,2,0,6,1,2,0,6,1,0.125,0.125,0.125,750.0
411,o_0kaBBTTE1ke,池田草龍,1,0,0,5,1,0,0,0,5,1,4,0,2,1,0.167,0.167,0.167,750.0
412,o_0keNVTTEFEN,松山増男,1,0,0,8,0,0,1,0,8,1,2,0,7,1,0.111,0.111,0.111,750.0
413,o_0keJVTTE10d,晴間初栄,1,0,0,2,0,0,0,0,3,1,3,1,0,0,0.333,0.333,0.333,750.0
414,o_8ERZBTTEFUN,櫻井正,0,1,1,5,0,0,3,0,4,0,2,0,5,0,0.0,0.143,0.286,739.6
415,o_0ERRBzTEFke,由井健太郎,0,0,2,11,0,0,2,0,11,0,5,0,8,0,0.0,0.0,0.154,738.4
416,o_0kaNBTTEFEN,小林仁幸,0,2,1,10,0,0,2,0,11,0,2,0,11,0,0.0,0.154,0.231,730.0
417,o_4keNd3TEF0d,フォーレスト,0,2,0,4,0,0,0,0,6,0,0,0,6,0,0.0,0.333,0.333,725.0
418,o_4keVVTTE10d,手嶋康雄,0,1,2,8,0,0,0,0,11,0,0,0,11,0,0.0,0.091,0.273,725.0
419,o_8EVRlXTEFkM,榊原源一郎,1,0,0,1,0,0,1,0,1,1,2,1,0,0,0.5,0.5,0.5,720.0
420,o_0kajJTTEFEN,清水二朗,1,0,0,0,0,0,0,0,1,1,0,0,1,1,1.0,1.0,1.0,720.0
421,o_8ERjRTTEFUM,荒木徹,0,1,0,5,0,0,2,0,4,0,3,0,3,0,0.0,0.167,0.167,717.6
422,o_0ERNBTTE10d,吉野英子,0,1,0,2,0,0,2,0,1,0,3,0,0,0,0.0,0.333,0.333,715.4
423,o_4kanVTTE1ke,犬塚悠治郎,1,0,1,4,0,0,0,0,6,1,6,1,0,0,0.167,0.167,0.333,705.0
424,o_4EVjdXTEFUe,田中春美,1,0,1,3,0,0,1,0,4,1,1,0,4,1,0.2,0.2,0.4,705.0
425,o_0EVjRTTE1ke,山口正行,0,2,0,7,0,0,1,0,8,0,2,0,7,0,0.0,0.222,0.222,701.4
426,o_4kajlXTE1ke,加藤和夫,1,1,0,4,0,0,0,0,6,1,2,0,4,1,0.167,0.333,0.333,700.0
427,o_8EVFh3TEF0d,スピードファーム,1,1,0,19,0,0,1,0,20,1,8,0,13,1,0.048,0.095,0.095,700.0
428,o_8ERNhXTE1ke,中島俊房,1,1,0,9,0,0,0,0,11,1,3,0,8,1,0.091,0.182,0.182,700.0
429,o_0EVZlXTEFEN,熊澤浩樹,1,1,0,2,0,0,1,0,3,1,3,1,1,0,0.25,0.5,0.5,700.0
430,o_0keNNTTE10d,迎徹,1,1,0,2,0,0,0,0,4,1,1,0,3,1,0.25,0.5,0.5,700.0
431,o_4keRlXTE1ke,貝本隆三,1,1,0,1,0,0,0,0,3,1,3,1,0,0,0.333,0.667,0.667,700.0
432,o_0ERRpnT6F0d,若草クラブ,1,0,0,9,0,0,0,0,10,1,3,0,7,1,0.1,0.1,0.1,700.0
433,o_4kaBhXTE1ke,酒井喜生,1,0,0,8,0,0,0,0,9,1,0,0,9,1,0.111,0.111,0.111,682.0
434,o_8EVRpXTE10d,橋元勇氣,1,0,1,7,0,0,2,0,7,1,3,0,6,1,0.111,0.111,0.222,680.0
435,o_4keJJTTEFEN,石橋和夫,0,1,0,2,0,0,1,0,2,0,3,0,0,0,0.0,0.333,0.333,675.0
436,o_8EVjlXTEFUe,奈村睦弘,0,1,2,24,0,0,3,0,24,0,5,0,22,0,0.0,0.037,0.111,670.0
437,o_4EVFRTTEFUe,山田弘,0,2,0,11,3,0,1,0,9,0,4,0,9,0,0.0,0.154,0.154,665.0
438,o_0kaVh3TEF0d,和田牧場,1,0,0,20,1,0,2,0,18,1,9,0,10,1,0.048,0.048,0.048,660.0
439,o_0kaZFTTEFkM,星野壽市,0,0,0,10,3,0,2,0,5,0,9,0,0,0,0.0,0.0,0.0,660.0
440,o_0ERBBzTEF0d,名古屋競馬,0,1,2,4,0,0,2,0,5,0,5,0,2,0,0.0,0.143,0.429,658.3
441,o_4EVJFTTE1ke,遠藤良一,1,0,0,3,0,0,0,0,4,1,1,1,3,0,0.25,0.25,0.25,650.0
442,o_4ERJdXTE1ke,大西美生子,0,0,1,3,0,0,3,0,1,0,3,0,1,0,0.0,0.0,0.25,645.5
443,o_0keZhXTE10d,高嶋祐子,0,0,2,7,0,0,1,0,8,0,6,0,3,0,0.0,0.0,0.222,643.7
444,o_8ERZBTTEFEM,石井義孝,0,1,1,3,0,0,0,0,5,0,5,0,0,0,0.0,0.2,0.4,640.0
445,o_0karNTTEF0M,副島義久,0,1,1,14,0,0,0,0,16,0,1,0,15,0,0.0,0.062,0.125,635.0
446,o_0kenFTTE1ke,星野康三,1,0,1,3,0,0,2,0,3,1,4,1,0,0,0.2,0.2,0.4,630.0
447,o_0ERNp3TEFke,橋口,1,0,1,0,0,0,0,0,2,1,2,1,0,0,0.5,0.5,1.0,630.0
448,o_4keZNTTEFEN,菅波立知子,1,0,1,2,1,0,0,0,3,1,2,1,2,0,0.25,0.25,0.5,630.0
449,o_4kenBzTEF0d,高山ランド,0,1,0,18,1,0,1,0,17,0,8,0,7,0,0.0,0.053,0.053,628.0
450,o_8EVnJTTE1ke,佐久間拓士,0,1,1,6,0,0,2,0,6,0,1,0,7,0,0.0,0.125,0.25,625.0
451,o_0EVnRzTEF0d,ＹＧＧホースクラブ,0,0,1,8,0,0,2,0,7,0,4,0,1,0,0.0,0.0,0.111,624.2
452,o_0ERjJjT6F0d,レキップモンターニュ,0,1,1,2,0,0,1,0,3,0,1,0,3,0,0.0,0.25,0.5,616.1
453,o_0ERVNjT6F0d,北駿競走馬組合,0,2,0,4,0,0,3,0,3,0,2,0,4,0,0.0,0.333,0.333,612.6
454,o_0EVrdXTE1ke,戸部政彦,0,1,0,5,0,0,2,0,4,0,6,0,0,0,0.0,0.167,0.167,610.4
455,o_4EVRRTTE1ke,奥裕嗣,0,0,1,3,0,0,4,0,0,0,0,0,4,0,0.0,0.0,0.25,605.2
456,o_4ERFhXTE10d,平口信行,0,2,1,3,0,0,0,0,6,0,5,0,1,0,0.0,0.333,0.5,605.0
457,o_0ERFJTTEFEN,田原邦男,0,0,1,3,0,0,1,0,3,0,2,0,2,0,0.0,0.0,0.25,603.3
458,o_4EVRNTTE1ke,菅原広隆,0,1,2,22,2,0,4,0,19,0,10,0,14,0,0.0,0.04,0.12,602.5
459,o_0kenlXTE1ke,大澤利久,1,0,0,3,0,0,1,0,3,1,1,0,3,1,0.25,0.25,0.25,600.0
460,o_0ERFVjT6F0d,まるも組合,1,0,0,3,0,0,1,0,3,1,1,0,3,1,0.25,0.25,0.25,600.0
461,o_8EVZFTTE10d,子安裕樹,1,0,0,1,0,0,1,0,1,1,2,1,0,0,0.5,0.5,0.5,600.0
462,o_4kanpXTE1ke,二木英徳,1,0,0,3,0,0,0,0,4,1,1,0,3,1,0.25,0.25,0.25,600.0
463,o_0kaVpXTEFkM,山本武司,1,0,0,3,0,0,1,0,3,1,4,1,0,0,0.25,0.25,0.25,600.0
464,o_0karlXTE10d,下河邉博,1,0,0,1,0,0,0,0,2,1,0,0,2,1,0.5,0.5,0.5,600.0
465,o_0ERZlXTEF0M,永井廣司,1,0,0,1,1,0,0,0,1,1,1,0,1,1,0.5,0.5,0.5,600.0
466,o_4EVRVTTE1ke,林瑛子,1,0,0,2,0,0,2,0,1,1,3,1,0,0,0.333,0.333,0.333,600.0
467,o_8EVVRzTEF0d,アイテツ,0,0,1,4,0,0,2,0,3,0,3,0,2,0,0.0,0.0,0.2,597.7
468,o_4keNRzTEF0d,サンコウ牧場,0,1,0,5,2,0,4,0,0,0,3,0,3,0,0.0,0.167,0.167,597.2
469,o_0ERRlXTE1ke,小川眞査雄,0,0,1,8,0,0,2,0,7,0,6,0,3,0,0.0,0.0,0.111,593.3
470,o_0ERBJTTE10d,佐々木主浩,0,1,1,8,2,0,1,0,7,0,3,0,7,0,0.0,0.1,0.2,580.0
471,o_8EVNNzTEF0d,清進電設,1,0,0,1,0,0,0,0,2,1,2,1,0,0,0.5,0.5,0.5,575.0
472,o_8ERRNTTE10d,堀祥子,1,0,0,4,0,0,1,0,4,1,2,0,3,1,0.2,0.2,0.2,575.0
473,o_4EVBlXTE1ke,西田俊二,1,0,0,2,0,0,0,0,3,1,1,0,2,1,0.333,0.333,0.333,575.0
474,o_8ERFJTTEFEN,本田恒雄,1,0,0,8,0,0,2,0,7,1,1,0,8,1,0.111,0.111,0.111,575.0
475,o_8ERRVTTE10d,山口功一郎,1,0,0,15,0,0,2,0,14,1,6,0,10,1,0.062,0.062,0.062,575.0
476,o_0ERRNzTEFke,アスール,0,1,1,9,1,0,0,0,10,0,2,0,9,0,0.0,0.091,0.182,570.0
477,o_4EVVVTTE1ke,新井康司,0,1,1,5,0,0,0,0,7,0,1,0,6,0,0.0,0.143,0.286,565.0
478,o_0ERRpXTE1ke,矢野恭裕,0,0,3,6,0,0,0,0,9,0,4,0,5,0,0.0,0.0,0.333,565.0
479,o_8EVjVTTE1ke,永井宏明,0,0,0,11,0,0,5,0,6,0,8,0,3,0,0.0,0.0,0.0,562.0
480,o_4keRJTTE1ke,佐々木幸弘,1,0,0,2,0,0,0,0,3,1,1,1,2,0,0.333,0.333,0.333,550.0
481,o_4kaZhXTE10d,飯田訓大,1,0,0,2,0,0,0,0,3,1,0,0,3,1,0.333,0.333,0.333,550.0
482,o_8EVrpXTE1ke,梅澤明,0,1,1,2,0,0,0,0,4,0,0,0,4,0,0.0,0.25,0.5,550.0
483,o_4EVrl3TEF0d,ナイト商事,0,0,1,3,0,0,1,0,3,0,3,0,1,0,0.0,0.0,0.25,545.7
484,o_0EVZhXTEFkM,首藤徳,0,0,1,5,0,0,4,0,2,0,6,0,0,0,0.0,0.0,0.167,532.8
485,o_8EVJpXTE1ke,中村広樹,0,2,1,0,0,0,0,0,3,0,0,0,3,0,0.0,0.667,1.0,530.0
486,o_4kaJp3TEF0d,ダイヤモンドファーム,0,2,1,3,0,0,0,0,6,0,0,0,6,0,0.0,0.333,0.5,530.0
487,o_0keNJTTE10d,小林竜太郎,0,1,1,14,0,0,0,0,16,0,5,0,11,0,0.0,0.062,0.125,530.0
488,o_4EVNVTTE1ke,浦邊輝實,0,2,0,3,0,0,0,0,5,0,0,0,5,0,0.0,0.4,0.4,525.0
489,o_8ERNNTTEFEN,武田修,0,1,0,9,0,0,0,0,10,0,2,0,8,0,0.0,0.1,0.1,520.0
490,o_4kaNFTTEFUN,田所英子,0,0,4,7,0,0,0,0,11,0,5,0,6,0,0.0,0.0,0.364,520.0
491,o_0keBVTTEFEN,山科統,0,1,1,7,0,0,2,0,7,0,2,0,7,0,0.0,0.111,0.222,515.0
492,o_0EVrhXTE1ke,辻高史,1,0,0,1,0,0,0,0,2,1,0,0,2,1,0.5,0.5,0.5,500.0
493,o_0ERNl3TEFke,アフロｉｎＥｌＰａｓｏ,1,0,0,4,0,0,0,0,5,1,2,1,2,0,0.2,0.2,0.2,500.0
494,o_0ERrlnT6F0d,ＶｉｒｉｄｉａｎＫｅｉｂａＣｌｕｂ,1,0,0,2,0,0,0,0,3,1,0,0,3,1,0.333,0.333,0.333,500.0
495,o_8EVjd3TEF0d,アドバンス・サッポロ,1,0,0,4,0,0,0,0,5,1,0,0,5,1,0.2,0.2,0.2,500.0
496,o_4ERBBTTEFUe,並河賢一郎,1,0,0,2,1,0,1,0,1,1,3,1,0,0,0.333,0.333,0.333,500.0
497,o_8ERZhXTEFUe,佐山公男,1,0,0,3,0,0,0,0,4,1,0,0,4,1,0.25,0.25,0.25,500.0
498,o_0keBpXTE10d,山崎泰博,1,0,0,3,0,0,1,0,3,1,1,0,3,1,0.25,0.25,0.25,500.0
499,o_4ERVh3TEF0d,ヤナガワ牧場,1,0,0,1,0,0,0,0,2,1,0,0,2,1,0.5,0.5,0.5,500.0
500,o_0ERVhXTE10d,阿部榮乃進,1,0,0,2,0,0,1,0,2,1,3,1,0,0,0.333,0.333,0.333,500.0
501,o_8EVJRTTE10d,小林秀樹,1,0,0,2,0,0,1,0,2,1,2,0,1,1,0.333,0.333,0.333,500.0
502,o_8EVjdXTE1ke,柏瀬金之介,1,0,0,0,0,0,0,0,1,1,0,0,1,1,1.0,1.0,1.0,500.0
503,o_8EVZRTTEFkM,五影隆則,1,0,0,1,0,0,0,0,2,1,1,1,1,0,0.5,0.5,0.5,500.0
504,o_8EVBRTTEFEN,森口隆一郎,1,0,0,1,0,0,0,0,2,1,1,0,1,1,0.5,0.5,0.5,500.0
505,o_4keZRTTE1ke,島田久,1,0,0,0,0,0,0,0,1,1,0,0,1,1,1.0,1.0,1.0,500.0
506,o_8ERZlXTEFUN,木村昌三,0,1,0,11,0,0,4,0,8,0,0,0,12,0,0.0,0.083,0.083,500.0
507,o_4EVZFTTE1ke,田中邦彦,0,1,1,0,0,0,0,0,2,0,0,0,2,0,0.0,0.5,1.0,490.0
508,o_0keFRTTE1ke,平井克彦,0,1,1,0,0,0,0,0,2,0,0,0,2,0,0.0,0.5,1.0,490.0
509,o_4kanBTTEFkM,峰哲馬,0,0,1,16,0,0,1,0,16,0,4,0,13,0,0.0,0.0,0.059,490.0
510,o_0keNhXTEF0M,幅田昌伸,0,0,2,11,0,0,3,0,10,0,5,0,8,0,0.0,0.0,0.154,485.0
511,o_0ERVFjT6F0d,グリーンスウォード,0,0,1,4,0,0,3,0,2,0,3,0,2,0,0.0,0.0,0.2,483.3
512,o_4kaRhXTE10d,日下部勝徳,0,0,2,10,0,0,0,0,12,0,3,0,9,0,0.0,0.0,0.167,480.0
513,o_0ERVNTTE1Ee,吉橋興生,0,2,0,3,1,0,0,0,4,0,4,0,0,0,0.0,0.4,0.4,475.0
514,o_4EVFBTTEFUN,柏木務,0,0,1,34,1,0,5,0,29,0,11,0,21,0,0.0,0.0,0.029,465.0
515,o_8EVVpXTE10d,山本三津子,0,0,1,3,0,0,3,0,1,0,4,0,0,0,0.0,0.0,0.25,462.9
516,o_4kaJBTTEFEN,村上龍太郎,0,1,1,3,0,0,0,0,5,0,0,0,5,0,0.0,0.2,0.4,455.0
517,o_0EVZBTTEFEN,亀井哲也,0,0,2,6,2,0,0,0,6,0,4,0,4,0,0.0,0.0,0.25,455.0
518,o_0kejVTTEFEN,村木隆,0,0,1,1,0,0,1,0,1,0,0,0,2,0,0.0,0.0,0.5,455.0
519,o_8EVZlXTE1ke,小林都美子,0,0,0,5,0,0,4,0,1,0,5,0,0,0,0.0,0.0,0.0,452.0
520,o_0ERNVTTEl1d,Ｃ．チェン,0,2,0,1,0,0,0,0,3,0,0,0,3,0,0.0,0.667,0.667,450.0
521,o_4EVnhXTEF0M,長谷川芳信,0,1,0,8,0,0,1,0,8,0,4,0,5,0,0.0,0.111,0.111,450.0
522,o_8ERFRzTEF0d,イージス,0,1,0,5,0,0,0,0,6,0,0,0,6,0,0.0,0.167,0.167,450.0
523,o_4EVZpXTEFUN,杉安浩一郎,0,0,3,6,0,0,0,0,9,0,6,0,3,0,0.0,0.0,0.333,450.0
524,o_4ERVNTTE1ke,目谷一幸,0,0,2,5,0,0,2,0,5,0,2,0,5,0,0.0,0.0,0.286,435.0
525,o_8EVVhXTE1ke,諸岡慶,0,1,1,2,0,0,0,0,4,0,0,0,4,0,0.0,0.25,0.5,430.0
526,o_0EVnJTTEFEe,吉橋計,0,1,1,8,0,0,0,0,10,0,2,0,5,0,0.0,0.1,0.2,428.0
527,o_0EVJNTTEFEN,小菅定雄,0,1,0,3,0,0,0,0,4,0,0,0,4,0,0.0,0.25,0.25,425.0
528,o_8ERBNzTEF0d,サンエイ開発,0,1,1,6,0,0,0,0,8,0,3,0,5,0,0.0,0.125,0.25,420.0
529,o_0EVNFTTEF0M,脇山良之,0,1,0,6,0,0,1,0,6,0,1,0,6,0,0.0,0.143,0.143,420.0
530,o_8EVNFzTEF0d,木村牧場,0,1,0,9,0,0,1,0,9,0,7,0,3,0,0.0,0.1,0.1,410.0
531,o_8ERRBTTEFEN,佐藤雄司,0,0,0,2,2,0,0,0,0,0,0,0,0,0,0.0,0.0,0.0,410.0
532,o_8ERFRTTEFEN,宮城寛也,0,1,0,2,1,0,1,0,1,0,3,0,0,0,0.0,0.333,0.333,406.0
533,o_0EVVVTTEFUe,鈴木与四郎,0,1,1,2,0,0,0,0,4,0,0,0,4,0,0.0,0.25,0.5,405.0
534,o_4ERNBTTEFkM,橋本忠雄,0,1,1,4,0,0,0,0,6,0,0,0,6,0,0.0,0.167,0.333,405.0
535,o_8ERjRzTEF0d,コロンバスサークル,0,1,1,7,0,0,0,0,9,0,5,0,4,0,0.0,0.111,0.222,405.0
536,o_4EVJFTTE10d,外池榮一郎,0,1,0,5,0,0,1,0,5,0,2,0,4,0,0.0,0.167,0.167,405.0
537,o_8ERZJzTEF0d,サンライズ,0,0,2,10,0,0,2,0,10,0,5,0,7,0,0.0,0.0,0.167,405.0
538,o_4kaRlXTEFEM,谷研司,0,2,0,4,0,0,0,0,6,0,2,0,4,0,0.0,0.333,0.333,400.0
539,o_0kaBJTTE1ke,水野淳,0,2,0,2,0,0,0,0,4,0,0,0,4,0,0.0,0.5,0.5,400.0
540,o_8EVNVTTEFkM,兼松昌男,0,0,1,12,0,0,1,0,12,0,2,0,11,0,0.0,0.0,0.077,400.0
541,o_0keNBTTEFUe,布施光章,0,1,1,3,0,0,0,0,5,0,0,0,5,0,0.0,0.2,0.4,390.0
542,o_0kejpXTEFEN,中村祐子,0,1,0,12,2,0,5,0,6,0,8,0,5,0,0.0,0.077,0.077,390.0
543,o_4keZVTTEFUN,地田勝三,0,0,1,3,0,0,0,0,4,0,0,0,4,0,0.0,0.0,0.25,390.0
544,o_0kajJzTEF0d,有能,0,0,0,3,0,0,2,0,1,0,3,0,0,0,0.0,0.0,0.0,390.0
545,o_8EVBpXTEF0M,前迫義幸,0,0,1,7,0,0,0,0,8,0,5,0,1,0,0.0,0.0,0.125,388.0
546,o_0keBBTTE1ke,小林照弘,0,0,1,3,0,0,4,0,0,0,3,0,1,0,0.0,0.0,0.25,385.2
547,o_8EVFdXTEFkM,伊達敏明,0,0,1,4,0,0,4,0,1,0,1,0,4,0,0.0,0.0,0.2,384.4
548,o_4kaNVTTEFUN,鈴木芳夫,0,0,1,17,0,0,5,0,13,0,2,0,16,0,0.0,0.0,0.056,384.0
549,o_4ERjlXTE1ke,村田裕子,0,0,1,4,0,0,5,0,0,0,5,0,0,0,0.0,0.0,0.2,383.7
550,o_8EVjlXTEF0M,立花幸雄,0,1,0,7,0,0,0,0,8,0,1,0,7,0,0.0,0.125,0.125,375.0
551,o_4EVrVTTE10d,北畑忍,0,0,1,4,0,0,0,0,5,0,1,0,4,0,0.0,0.0,0.2,375.0
552,o_8EVjBTTE1ke,新谷正子,0,0,1,3,0,0,3,0,1,0,4,0,0,0,0.0,0.0,0.25,374.0
553,o_0EVRVTTEF0M,平岡茂樹,0,0,1,6,0,0,1,0,6,0,5,0,2,0,0.0,0.0,0.143,373.8
554,o_8ERFNzTEF0d,ヒカリクラブ,0,0,1,7,0,0,6,0,2,0,0,0,8,0,0.0,0.0,0.125,372.0
555,o_4ERFBTTE10d,里見美惠子,0,1,0,7,1,0,1,0,6,0,4,0,4,0,0.0,0.125,0.125,365.0
556,o_4kanpXTEFUe,芹澤精一,0,1,0,4,0,0,0,0,5,0,0,0,5,0,0.0,0.2,0.2,362.0
557,o_8ERRFTTEFEN,多田信尊,0,0,2,3,1,0,2,0,2,0,1,0,4,0,0.0,0.0,0.4,360.0
558,o_0EVRdXTE1ke,片山晃,0,0,0,9,1,0,2,0,6,0,3,0,6,0,0.0,0.0,0.0,355.0
559,o_0keJhXTEFkM,伊藤巖,0,1,0,8,0,0,3,0,6,0,0,0,9,0,0.0,0.111,0.111,350.0
560,o_4kanBTTEFUe,礒川正明,0,0,1,4,0,0,0,0,5,0,2,0,2,0,0.0,0.0,0.2,340.0
561,o_4keBJzTEF0d,服部牧場,0,0,1,3,0,0,0,0,4,0,1,0,3,0,0.0,0.0,0.25,340.0
562,o_4EVNlXTEFUe,横瀬兼二,0,0,2,8,0,0,3,0,7,0,10,0,0,0,0.0,0.0,0.2,335.0
563,o_0kejJTTEFEN,金田成基,0,1,1,10,0,0,0,0,12,0,2,0,10,0,0.0,0.083,0.167,330.0
564,o_4ERjNTTEFkM,五影慶則,0,1,1,8,1,0,2,0,7,0,7,0,3,0,0.0,0.1,0.2,330.0
565,o_4keJVTTEFUM,平賀久枝,0,1,1,3,0,0,0,0,5,0,1,0,4,0,0.0,0.2,0.4,330.0
566,o_4EVNNTTEFkM,西村憲人,0,0,0,9,1,0,4,0,4,0,4,0,5,0,0.0,0.0,0.0,330.0
567,o_4keZpXTEFEM,宮本貞雄,0,0,0,5,0,0,0,0,5,0,2,0,3,0,0.0,0.0,0.0,320.0
568,o_0kaVhXTE1ke,矢野まり子,0,1,0,20,0,0,0,0,21,0,6,0,11,0,0.0,0.048,0.048,312.5
569,o_4kaJBTTEF0M,鈴木康弘,0,0,1,13,0,0,2,0,12,0,4,0,10,0,0.0,0.0,0.071,310.0
570,o_0ERFFjT6F0d,浜ＲＣ組合,0,0,0,4,0,0,1,0,3,0,0,0,4,0,0.0,0.0,0.0,310.0
571,o_8EVnFTTE1ke,阿部東亜子,0,0,0,7,0,0,0,0,7,0,3,0,4,0,0.0,0.0,0.0,310.0
572,o_0kenhXTEFUe,山内邦一,0,0,0,9,0,0,1,0,8,0,4,0,5,0,0.0,0.0,0.0,310.0
573,o_4kaZVTTE1ke,中村智幸,0,0,1,6,0,0,0,0,7,0,0,0,7,0,0.0,0.0,0.143,305.0
574,o_0ERrdXTEFkM,下村直,0,1,0,3,0,0,0,0,4,0,0,0,4,0,0.0,0.25,0.25,300.0
575,o_0EVNl3TEF0d,ヒダカファーム,0,1,0,5,0,0,0,0,6,0,1,0,5,0,0.0,0.167,0.167,300.0
576,o_4EVrpXTEFkM,井上一郎,0,1,0,6,0,0,0,0,7,0,0,0,7,0,0.0,0.143,0.143,300.0
577,o_4kaBBTTEFUM,武市弘,0,1,0,2,0,0,0,0,3,0,3,0,0,0,0.0,0.333,0.333,300.0
578,o_0ERVBTTEFkM,猿田栄二,0,1,0,5,0,0,1,0,5,0,3,0,3,0,0.0,0.167,0.167,300.0
579,o_8ERjdXTEFEM,村上稔,0,1,0,7,0,0,0,0,8,0,1,0,7,0,0.0,0.125,0.125,300.0
580,o_8EVjFTTEF0M,真部晴徳,0,0,1,2,0,0,0,0,3,0,0,0,3,0,0.0,0.0,0.333,300.0
581,o_4kajVTTE1ke,野本巧,0,0,1,1,0,0,0,0,2,0,0,0,2,0,0.0,0.0,0.5,300.0
582,o_0EVNhXTEFUM,野村春行,0,0,1,4,0,0,0,0,5,0,1,0,4,0,0.0,0.0,0.2,300.0
583,o_4ERJlXTEFkM,中村昭博,0,0,0,4,1,0,3,0,0,0,4,0,0,0,0.0,0.0,0.0,300.0
584,o_0keVh3TEF0d,シンザンクラブ,0,1,1,2,0,0,0,0,4,0,2,0,2,0,0.0,0.25,0.5,295.0
585,o_4ERndXTE10d,西村和夫,0,1,0,2,0,0,0,0,3,0,0,0,3,0,0.0,0.333,0.333,290.0
586,o_4kaFFTTE10d,福田光博,0,0,1,17,0,0,1,0,17,0,11,0,7,0,0.0,0.0,0.056,290.0
587,o_8EVJVTTEFkM,西川賢,0,0,0,21,0,0,7,0,14,0,3,0,15,0,0.0,0.0,0.0,290.0
588,o_0ERFlXTE1ke,谷川正純,0,0,1,12,0,0,2,0,11,0,0,0,11,0,0.0,0.0,0.077,280.0
589,o_4kejFTTEFUe,上田忠男,0,1,0,3,0,0,0,0,4,0,0,0,4,0,0.0,0.25,0.25,275.0
590,o_8ERFBTTEFEN,金山克己,0,1,0,3,0,0,0,0,4,0,0,0,4,0,0.0,0.25,0.25,275.0
591,o_8EVrpXTEFUN,菅藤宗一,0,1,0,4,0,0,0,0,5,0,3,0,1,0,0.0,0.2,0.2,275.0
592,o_0keBFTTE10d,鈴木昭和,0,1,0,4,0,0,0,0,5,0,0,0,5,0,0.0,0.2,0.2,275.0
593,o_4EVVVzTEF0d,大栄牧場,0,0,1,1,0,0,0,0,2,0,1,0,0,0,0.0,0.0,0.5,275.0
594,o_4ERBNTTE1ke,堀口晴男,0,0,0,20,0,0,2,0,18,0,6,0,12,0,0.0,0.0,0.0,270.0
595,o_4ERRJTTEFEM,西尾午郎,0,0,0,3,0,0,3,0,0,0,3,0,0,0,0.0,0.0,0.0,270.0
596,o_0kaNVTTEFUe,石橋忠之,0,0,0,11,0,0,0,0,11,0,1,0,10,0,0.0,0.0,0.0,269.0
597,o_4EVFdXTEFEN,山岸桂市,0,0,1,4,0,0,1,0,4,0,2,0,3,0,0.0,0.0,0.2,266.4
598,o_0keBRTTE1ke,久保田定,0,0,2,4,0,0,0,0,6,0,0,0,6,0,0.0,0.0,0.333,260.0
599,o_8ERFpXTEF0M,松浦一久,0,0,2,2,0,0,0,0,4,0,0,0,4,0,0.0,0.0,0.5,260.0
600,o_8EVNlXTE1ke,甘糟麗子,0,0,1,2,0,0,1,0,2,0,1,0,2,0,0.0,0.0,0.333,260.0
601,o_4EVBBTTEF0M,田島政光,0,0,0,4,0,0,1,0,3,0,2,0,2,0,0.0,0.0,0.0,260.0
602,o_0EVRFTTE10d,横尾晴人,0,0,0,14,0,0,5,0,9,0,4,0,10,0,0.0,0.0,0.0,257.0
603,o_8EVrhXTE10d,吉野加壽代,0,0,1,1,0,0,2,0,0,0,0,0,2,0,0.0,0.0,0.5,255.3
604,o_0ERjpnT6F0d,トニー倶楽部,0,0,1,12,0,0,0,0,13,0,1,0,10,0,0.0,0.0,0.077,255.0
605,o_8EVRFTTEFkM,原田豊,0,1,0,4,0,0,0,0,5,0,3,0,2,0,0.0,0.2,0.2,250.0
606,o_0keZl3TEF0d,下河辺牧場,0,0,1,11,0,0,0,0,12,0,3,0,9,0,0.0,0.0,0.083,250.0
607,o_8EVjJzTEF0d,萩本企画,0,0,0,3,1,0,2,0,0,0,3,0,0,0,0.0,0.0,0.0,250.0
608,o_8EVFl3TEF0d,荻伏服部牧場,0,0,0,13,0,0,4,0,9,0,6,0,7,0,0.0,0.0,0.0,235.0
609,o_4EVNNTTE1ke,野田善己,0,0,0,8,0,0,1,0,7,0,6,0,2,0,0.0,0.0,0.0,235.0
610,o_4keFFTTEFUe,下井道博,0,0,0,3,0,0,2,0,1,0,2,0,1,0,0.0,0.0,0.0,230.0
611,o_4karh3TEF0d,三石川上牧場,0,0,0,3,0,0,0,0,3,0,3,0,0,0,0.0,0.0,0.0,225.0
612,o_0EVNNTTE10d,鈴木照雄,0,0,0,27,0,0,6,0,21,0,8,0,17,0,0.0,0.0,0.0,222.0
613,o_0ERJRzTEFke,ＴＵＲＦＩＬＳ,0,0,0,3,0,0,0,0,3,0,0,0,3,0,0.0,0.0,0.0,220.0
614,o_0kaZFTTEFUM,吉岡泰治,0,0,0,10,0,0,1,0,9,0,3,0,7,0,0.0,0.0,0.0,210.0
615,o_8EVnVTTE1ke,服部統祥,0,0,1,5,0,0,1,0,5,0,3,0,3,0,0.0,0.0,0.167,205.0
616,o_0keNRTTE1ke,冨士井直哉,0,0,1,14,0,0,6,0,9,0,4,0,11,0,0.0,0.0,0.067,205.0
617,o_8ERVhXTEFUM,戸山光男,0,0,1,11,0,0,0,0,12,0,0,0,12,0,0.0,0.0,0.083,205.0
618,o_0ERFhXTEFEN,平田修,0,0,0,10,0,0,0,0,10,0,4,0,6,0,0.0,0.0,0.0,205.0
619,o_8ERjhXTEFkM,高橋信博,0,1,0,3,0,0,1,0,3,0,3,0,1,0,0.0,0.25,0.25,200.0
620,o_4keVBTTE10d,田島大史,0,1,0,4,0,0,0,0,5,0,2,0,3,0,0.0,0.2,0.2,200.0
621,o_0ERjd3TEFke,ＦＴＵ,0,1,0,3,0,0,0,0,4,0,4,0,0,0,0.0,0.25,0.25,200.0
622,o_0kaZRTTEFkM,片岡正雄,0,1,0,4,0,0,0,0,5,0,1,0,4,0,0.0,0.2,0.2,200.0
623,o_0keRVTTE1ke,高田秀信,0,1,0,2,0,0,1,0,2,0,1,0,2,0,0.0,0.333,0.333,200.0
624,o_4keJhXTEFEe,儀賀好子,0,1,0,3,0,0,0,0,4,0,3,0,1,0,0.0,0.25,0.25,200.0
625,o_4kaRl3TEF0d,エーティー,0,1,0,2,0,0,0,0,3,0,3,0,0,0,0.0,0.333,0.333,200.0
626,o_0keRFTTE1ke,増田和啓,0,1,0,9,0,0,1,0,9,0,7,0,3,0,0.0,0.1,0.1,200.0
627,o_8EVZhXTEFkM,伊藤信之,0,1,0,2,0,0,0,0,3,0,0,0,3,0,0.0,0.333,0.333,200.0
628,o_0ERBJjT6F0d,アルツト組合,0,1,0,1,0,0,0,0,2,0,0,0,2,0,0.0,0.5,0.5,200.0
629,o_4keNVTTE1ke,杉澤真吾,0,1,0,5,0,0,0,0,6,0,2,0,4,0,0.0,0.167,0.167,200.0
630,o_4EVNlXTEFkM,関駿也,0,1,0,5,0,0,0,0,6,0,0,0,4,0,0.0,0.167,0.167,200.0
631,o_8ERNpXTE10d,西野晴夫,0,1,0,1,0,0,0,0,2,0,0,0,2,0,0.0,0.5,0.5,200.0
632,o_4kaJpXTEFUM,井上基之,0,0,1,8,2,0,1,0,6,0,3,0,2,0,0.0,0.0,0.111,200.0
633,o_4kenJzTEF0d,サトー,0,0,1,10,1,0,2,0,8,0,7,0,4,0,0.0,0.0,0.091,200.0
634,o_4EVrVTTE1ke,中嶋宏,0,0,1,1,0,0,0,0,2,0,0,0,0,0,0.0,0.0,0.5,200.0
635,o_8EVNBTTE1ke,佐伯由加理,0,0,0,4,0,0,0,0,4,0,1,0,3,0,0.0,0.0,0.0,200.0
636,o_4EVFpXTEFEN,山田裕仁,0,0,0,10,0,0,2,0,8,0,4,0,6,0,0.0,0.0,0.0,200.0
637,o_0ERJNzTEFke,ブルースターズファーム,0,0,0,2,0,0,0,0,2,0,1,0,0,0,0.0,0.0,0.0,200.0
638,o_4EVVBTTEFUN,中野銀十,0,0,0,7,0,0,0,0,7,0,0,0,7,0,0.0,0.0,0.0,200.0
639,o_0ERFVTTE1Ee,菅原富美子,0,0,0,11,0,0,0,0,11,0,0,0,11,0,0.0,0.0,0.0,197.0
640,o_4EVFpXTEFkM,吉田喜代司,0,0,0,5,0,0,0,0,5,0,2,0,2,0,0.0,0.0,0.0,195.0
641,o_4kaFlXTE10d,小野建,0,0,1,5,0,0,1,0,5,0,0,0,6,0,0.0,0.0,0.167,190.0
642,o_4ERjRTTE10d,杉本豊,0,0,1,10,0,0,1,0,10,0,1,0,10,0,0.0,0.0,0.091,190.0
643,o_4kaBVTTEFUN,冨沢敦子,0,0,1,3,0,0,1,0,3,0,4,0,0,0,0.0,0.0,0.25,190.0
644,o_4kenVTTEFUe,北山敏隆,0,0,0,10,0,0,2,0,8,0,7,0,1,0,0.0,0.0,0.0,183.0
645,o_4kerRTTE1ke,山口裕介,0,0,0,15,0,0,0,0,15,0,1,0,14,0,0.0,0.0,0.0,182.0
646,o_0kendXTEFUe,梅村浩,0,0,0,8,0,0,4,0,4,0,0,0,8,0,0.0,0.0,0.0,182.0
647,o_4EVRlXTEFEN,釘田義広,0,0,0,5,1,0,4,0,0,0,5,0,0,0,0.0,0.0,0.0,182.0
648,o_4keBFTTEFkM,難波澄子,0,0,1,5,0,0,0,0,6,0,1,0,5,0,0.0,0.0,0.167,180.0
649,o_4keJpXTE1ke,中村忠彦,0,0,1,0,0,0,0,0,1,0,0,0,1,0,0.0,0.0,1.0,180.0
650,o_0EVVVzTEF0d,キラット・ワン,0,0,1,1,0,0,0,0,2,0,0,0,2,0,0.0,0.0,0.5,180.0
651,o_8ERrFTTE10d,山口敦広,0,0,1,12,0,0,1,0,12,0,2,0,11,0,0.0,0.0,0.077,180.0
652,o_0keNpXTE10d,成塚清志,0,0,0,5,0,0,0,0,5,0,2,0,3,0,0.0,0.0,0.0,180.0
653,o_0kaVRTTE1ke,野嶋祥二,0,0,0,6,0,0,3,0,3,0,6,0,0,0,0.0,0.0,0.0,175.0
654,o_0kaRVTTE1ke,阿部友弘,0,0,0,3,0,0,0,0,3,0,0,0,3,0,0.0,0.0,0.0,175.0
655,o_4kejlXTEFUe,西村新一郎,0,0,0,16,0,0,0,0,16,0,3,0,9,0,0.0,0.0,0.0,170.0
656,o_4EVBBTTEFUe,久保佳和,0,0,0,2,0,0,0,0,2,0,0,0,2,0,0.0,0.0,0.0,160.0
657,o_0kejJTTE1ke,早野誠,0,0,0,3,0,0,1,0,2,0,3,0,0,0,0.0,0.0,0.0,160.0
658,o_0EVVVTTE1ke,福島祐子,0,0,0,15,0,0,2,0,13,0,3,0,12,0,0.0,0.0,0.0,160.0
659,o_0EVRRTTE1ke,江上幸隆,0,0,0,9,0,0,1,0,8,0,4,0,5,0,0.0,0.0,0.0,160.0
660,o_8EVFJzTEF0d,宮内牧場,0,0,0,12,0,0,1,0,11,0,3,0,9,0,0.0,0.0,0.0,160.0
661,o_0ERVFTTE10d,岡田隆寛,0,0,0,11,0,0,0,0,11,0,2,0,9,0,0.0,0.0,0.0,157.5
662,o_0ERrJzTEFke,合同会社東堂,0,0,1,1,0,0,0,0,2,0,2,0,0,0,0.0,0.0,0.5,150.0
663,o_0kaVBTTE10d,辻大作,0,0,1,2,0,0,0,0,3,0,1,0,2,0,0.0,0.0,0.333,150.0
664,o_4EVZJTTEFkM,尾上松壽,0,0,0,8,0,0,1,0,7,0,0,0,8,0,0.0,0.0,0.0,150.0
665,o_0ERZNjT6F0d,ホースアディクト,0,0,0,8,0,0,0,0,8,0,1,0,7,0,0.0,0.0,0.0,150.0
666,o_4ERZFTTE10d,大島昌也,0,0,0,4,0,0,1,0,3,0,2,0,2,0,0.0,0.0,0.0,150.0
667,o_0EVJNTTEFUe,村上義勝,0,0,0,13,0,0,0,0,13,0,10,0,3,0,0.0,0.0,0.0,150.0
668,o_4EVNVTTEFUe,廣崎利洋,0,0,0,6,0,0,2,0,4,0,3,0,3,0,0.0,0.0,0.0,150.0
669,o_0EVZRTTE1ke,小林正和,0,0,0,4,1,0,3,0,0,0,4,0,0,0,0.0,0.0,0.0,150.0
670,o_4EVjhXTEFkM,齊藤直信,0,0,0,4,0,0,0,0,4,0,0,0,4,0,0.0,0.0,0.0,150.0
671,o_8ERNJTTEFEN,桑畑隆信,0,0,0,4,0,0,3,0,1,0,3,0,1,0,0.0,0.0,0.0,150.0
672,o_4keZRTTEFEN,飯田総一郎,0,0,0,8,0,0,1,0,7,0,4,0,4,0,0.0,0.0,0.0,150.0
673,o_0kaZVzTEF0d,丸幸小林牧場,0,0,0,4,0,0,0,0,4,0,4,0,0,0,0.0,0.0,0.0,150.0
674,o_4kejFTTEFkM,瀬谷隆雄,0,0,0,12,3,0,4,0,5,0,12,0,0,0,0.0,0.0,0.0,150.0
675,o_4ERNlXTE10d,千葉正人,0,0,0,3,0,0,0,0,3,0,0,0,3,0,0.0,0.0,0.0,150.0
676,o_8ERRVTTE1ke,松谷翔太,0,0,0,4,0,0,1,0,3,0,2,0,2,0,0.0,0.0,0.0,150.0
677,o_4kaZVTTEF0M,飯田良枝,0,0,0,7,0,0,0,0,7,0,4,0,3,0,0.0,0.0,0.0,140.0
678,o_4ERjNTTE10d,藤澤眞佐子,0,0,0,6,0,0,0,0,6,0,3,0,3,0,0.0,0.0,0.0,137.5
679,o_4kenpXTEFUe,辻俊夫,0,0,0,1,0,0,0,0,1,0,0,0,0,0,0.0,0.0,0.0,135.0
680,o_8EVBpXTEFkM,東哲次,0,0,0,2,0,0,0,0,2,0,0,0,1,0,0.0,0.0,0.0,135.0
681,o_0kaBFTTE1ke,花村誠,0,0,1,5,0,0,1,0,5,0,2,0,4,0,0.0,0.0,0.167,130.0
682,o_8ERnh3TEF0d,太陽光,0,0,1,3,0,0,0,0,4,0,0,0,4,0,0.0,0.0,0.25,130.0
683,o_4keZlXTE1ke,山際辰夫,0,0,1,2,0,0,0,0,3,0,1,0,2,0,0.0,0.0,0.333,130.0
684,o_0kerBTTE10d,道永幸治,0,0,1,2,0,0,0,0,3,0,1,0,2,0,0.0,0.0,0.333,130.0
685,o_0ERnJzTEFke,レッドマジック,0,0,1,1,0,0,0,0,2,0,0,0,2,0,0.0,0.0,0.5,130.0
686,o_0ERRFTTEFEN,戸佐眞弓,0,0,1,1,0,0,0,0,2,0,1,0,1,0,0.0,0.0,0.5,130.0
687,o_0EVRpXTEF0M,堀川三郎,0,0,1,6,0,0,0,0,7,0,3,0,4,0,0.0,0.0,0.143,130.0
688,o_8ERRVTTEFUN,加藤哲郎,0,0,1,5,0,0,0,0,6,0,1,0,5,0,0.0,0.0,0.167,130.0
689,o_8EVnNTTE1ke,田中純一,0,0,1,1,0,0,0,0,2,0,0,0,2,0,0.0,0.0,0.5,130.0
690,o_4kenBTTEFkM,福本圭佐,0,0,1,2,0,0,0,0,3,0,3,0,0,0,0.0,0.0,0.333,130.0
691,o_4ERNRTTEFUe,伊藤誠吉,0,0,1,2,0,0,0,0,3,0,0,0,3,0,0.0,0.0,0.333,130.0
692,o_4ERjVTTE1ke,吉田昌久,0,0,1,0,0,0,0,0,1,0,1,0,0,0,0.0,0.0,1.0,130.0
693,o_4EVrFTTE10d,山本剛史,0,0,1,1,0,0,0,0,2,0,2,0,0,0,0.0,0.0,0.5,130.0
694,o_4kaBpXTE1ke,木村廣太,0,0,0,5,0,0,0,0,5,0,2,0,2,0,0.0,0.0,0.0,128.0
695,o_0kajNzTEF0d,富田牧場,0,0,0,4,0,0,0,0,4,0,0,0,4,0,0.0,0.0,0.0,125.0
696,o_4kaJdXTE1ke,大島豊彦,0,0,0,12,0,0,0,0,12,0,4,0,8,0,0.0,0.0,0.0,125.0
697,o_0ERFNzTEFke,吉川潤,0,0,0,15,0,0,0,0,15,0,5,0,10,0,0.0,0.0,0.0,125.0
698,o_4kaVRTTE1ke,里見治紀,0,0,0,4,0,0,0,0,4,0,2,0,2,0,0.0,0.0,0.0,125.0
699,o_0EVjpXTE1ke,橋元幸人,0,0,0,6,0,0,1,0,5,0,2,0,4,0,0.0,0.0,0.0,125.0
700,o_4kaJdXTE1ke,大島豊彦,0,0,0,12,0,0,0,0,12,0,4,0,8,0,0.0,0.0,0.0,125.0
701,o_0ERFNzTEFke,吉川潤,0,0,0,15,0,0,0,0,15,0,5,0,10,0,0.0,0.0,0.0,125.0
702,o_0kaNJTTE1ke,尾田信夫,0,0,0,1,0,0,0,0,1,0,1,0,0,0,0.0,0.0,0.0,110.0
703,o_8EVnpXTE1ke,竹下千亜子,0,0,0,3,0,0,2,0,1,0,3,0,0,0,0.0,0.0,0.0,110.0
704,o_0EVVRTTE1ke,山下良子,0,0,0,9,0,0,0,0,9,0,2,0,7,0,0.0,0.0,0.0,110.0
705,o_8ERNFTTE1ke,中山泰志,0,0,0,3,0,0,0,0,3,0,0,0,3,0,0.0,0.0,0.0,110.0
706,o_0keZlXTEFEN,古川智洋,0,0,0,6,0,0,1,0,5,0,3,0,3,0,0.0,0.0,0.0,110.0
707,o_0ERJhnT6F0d,ザ・チャンピオンズ,0,0,0,5,0,0,0,0,5,0,3,0,2,0,0.0,0.0,0.0,110.0
708,o_0ERJJjT6F0d,ケンレーシング組合,0,0,0,8,0,0,1,0,7,0,3,0,5,0,0.0,0.0,0.0,110.0
709,o_0keZVTTEFEN,皆川博文,0,0,0,2,0,0,0,0,2,0,0,0,2,0,0.0,0.0,0.0,110.0
710,o_0ERBRTTEl1d,李柱坤,0,0,0,4,0,0,0,0,4,0,0,0,4,0,0.0,0.0,0.0,110.0
711,o_8EVVlXTEFkM,塚本能交,0,0,0,4,0,0,0,0,4,0,0,0,4,0,0.0,0.0,0.0,110.0
712,o_0kendXTE1ke,佐藤理,0,0,0,2,0,0,0,0,2,0,0,0,2,0,0.0,0.0,0.0,110.0
713,o_4keBlXTEFUe,玉井宏和,0,0,0,6,0,0,1,0,5,0,1,0,5,0,0.0,0.0,0.0,110.0
714,o_8EVnJTTEFUe,山住れい子,0,0,0,5,0,0,0,0,5,0,0,0,5,0,0.0,0.0,0.0,110.0
715,o_0ERZBzTEFke,リトルブルーファーム,0,0,0,4,0,0,0,0,4,0,0,0,4,0,0.0,0.0,0.0,110.0
716,o_4kenJTTEFUe,万波健二,0,0,0,9,0,0,0,0,9,0,5,0,4,0,0.0,0.0,0.0,110.0
717,o_4ERrpXTEFkM,村田哲朗,0,0,0,11,0,0,0,0,11,0,2,0,9,0,0.0,0.0,0.0,105.0
718,o_4EVBNTTEF0M,藤原正一,0,0,0,9,0,0,0,0,9,0,0,0,8,0,0.0,0.0,0.0,105.0
719,o_0kajpXTE1ke,永井秀貴,0,0,0,3,0,0,1,0,2,0,2,0,1,0,0.0,0.0,0.0,105.0
720,o_4EVZlXTEFUe,福原正博,0,0,0,9,0,0,0,0,9,0,8,0,1,0,0.0,0.0,0.0,100.0
721,o_0EVNJTTE10d,助川啓一,0,0,0,4,0,0,0,0,4,0,4,0,0,0,0.0,0.0,0.0,100.0
722,o_8EVNNTTE1ke,松井晴彦,0,0,0,3,0,0,0,0,3,0,1,0,2,0,0.0,0.0,0.0,100.0
723,o_0kanNTTE1ke,吉岡隆,0,0,0,4,0,0,0,0,4,0,1,0,3,0,0.0,0.0,0.0,100.0
724,o_4ERjdXTEFkM,畔柳年言,0,0,0,2,0,0,0,0,2,0,2,0,0,0,0.0,0.0,0.0,90.0
725,o_0kaZlXTEFUe,國武佳博,0,0,0,3,0,0,0,0,3,0,0,0,3,0,0.0,0.0,0.0,90.0
726,o_0EVZJTTE1ke,小濱忠一,0,0,0,1,0,0,0,0,1,0,1,0,0,0,0.0,0.0,0.0,90.0
727,o_4keVFTTE1ke,会田浩史,0,0,0,3,0,0,0,0,3,0,1,0,2,0,0.0,0.0,0.0,90.0
728,o_0EVFFzTEF0d,日東牧場,0,0,0,11,0,0,4,0,7,0,2,0,9,0,0.0,0.0,0.0,90.0
729,o_4kaNVTTEFkM,菊池昭雄,0,0,0,3,0,0,0,0,3,0,0,0,0,0,0.0,0.0,0.0,78.0
730,o_0kanRTTEFUN,岩崎僖澄,0,0,0,23,0,0,0,0,23,0,2,0,19,0,0.0,0.0,0.0,78.0
731,o_0keNFTTEFkM,田上雅春,0,0,0,6,0,0,2,0,4,0,4,0,0,0,0.0,0.0,0.0,78.0
732,o_4ERrVTTEFkM,永井冨佐子,0,0,0,2,0,0,0,0,2,0,0,0,0,0,0.0,0.0,0.0,78.0
733,o_4keBhXTE1ke,菅野守雄,0,0,0,4,0,0,0,0,4,0,0,0,4,0,0.0,0.0,0.0,75.0
734,o_8EVRdXTEFUN,田邉廣己,0,0,0,6,0,0,1,0,5,0,2,0,4,0,0.0,0.0,0.0,75.0
735,o_4EVRRTTEFUN,岡田勇,0,0,0,5,0,0,3,0,2,0,3,0,2,0,0.0,0.0,0.0,75.0
736,o_0kaFVTTE1ke,高橋佑吉,0,0,0,3,0,0,0,0,3,0,0,0,3,0,0.0,0.0,0.0,75.0
737,o_4kaFhXTE1ke,三野順一郎,0,0,0,2,0,0,0,0,2,0,0,0,2,0,0.0,0.0,0.0,75.0
738,o_4kaFhXTE10d,密山根成,0,0,0,3,0,0,0,0,3,0,0,0,3,0,0.0,0.0,0.0,75.0
739,o_4kenBTTEFUM,小林茂行,0,0,0,5,0,0,0,0,5,0,0,0,5,0,0.0,0.0,0.0,75.0
740,o_0EVNdXTEF0M,荒井壽明,0,0,0,4,0,0,0,0,4,0,0,0,4,0,0.0,0.0,0.0,75.0
741,o_4kaNpXTE1ke,永野雄介,0,0,0,2,0,0,0,0,2,0,0,0,2,0,0.0,0.0,0.0,75.0
742,o_8ERrFTTEFUe,長谷川光司,0,0,0,4,0,0,0,0,4,0,0,0,4,0,0.0,0.0,0.0,75.0
743,o_8EVVVTTE10d,井上久光,0,0,0,9,0,0,1,0,8,0,2,0,5,0,0.0,0.0,0.0,75.0
744,o_0ERJlnT6F0d,スリースターズレーシング,0,0,0,5,0,0,1,0,4,0,4,0,1,0,0.0,0.0,0.0,75.0
745,o_0keZVTTE10d,宮田直也,0,0,0,1,0,0,0,0,1,0,1,0,0,0,0.0,0.0,0.0,75.0
746,o_4keVpXTE1ke,古川淳,0,0,0,3,0,0,0,0,3,0,1,0,2,0,0.0,0.0,0.0,75.0
747,o_0kejNTTEFEN,山本茂,0,0,0,3,0,0,0,0,3,0,2,0,1,0,0.0,0.0,0.0,75.0
748,o_0kaJJTTEFkM,小林博雄,0,0,0,16,0,0,0,0,16,0,4,0,11,0,0.0,0.0,0.0,75.0
749,o_0ERBNTTEl1d,荒牧政美,0,0,0,1,0,0,0,0,1,0,1,0,0,0,0.0,0.0,0.0,75.0
750,o_0EVNdXTEF0M,荒井壽明,0,0,0,4,0,0,0,0,4,0,0,0,4,0,0.0,0.0,0.0,75.0
751,o_8ERrFTTEFUe,長谷川光司,0,0,0,4,0,0,0,0,4,0,0,0,4,0,0.0,0.0,0.0,75.0
752,o_8EVVVTTE10d,井上久光,0,0,0,9,0,0,1,0,8,0,2,0,5,0,0.0,0.0,0.0,75.0
753,o_0ERJlnT6F0d,スリースターズレーシング,0,0,0,5,0,0,1,0,4,0,4,0,1,0,0.0,0.0,0.0,75.0
754,o_0keZVTTE10d,宮田直也,0,0,0,1,0,0,0,0,1,0,1,0,0,0,0.0,0.0,0.0,75.0
755,o_4keVpXTE1ke,古川淳,0,0,0,3,0,0,0,0,3,0,1,0,2,0,0.0,0.0,0.0,75.0
756,o_0kejNTTEFEN,山本茂,0,0,0,3,0,0,0,0,3,0,2,0,1,0,0.0,0.0,0.0,75.0
757,o_0kaJJTTEFkM,小林博雄,0,0,0,16,0,0,0,0,16,0,4,0,11,0,0.0,0.0,0.0,75.0
758,o_0ERBNTTEl1d,荒牧政美,0,0,0,1,0,0,0,0,1,0,1,0,0,0,0.0,0.0,0.0,75.0
759,o_0kaFFTTEFEN,田畑憲士,0,0,0,3,0,0,0,0,3,0,3,0,0,0,0.0,0.0,0.0,72.0
760,o_4kaJhXTE1ke,矢野崇志,0,0,0,4,0,0,1,0,3,0,0,0,4,0,0.0,0.0,0.0,72.0
761,o_8EVrRTTEF0M,中西憲治,0,0,0,5,0,0,1,0,4,0,1,0,4,0,0.0,0.0,0.0,72.0
762,o_0kanhXTE1ke,多田賢司,0,0,0,5,0,0,0,0,5,0,4,0,1,0,0.0,0.0,0.0,60.0
763,o_4kardXTEFUe,藤本幸雄,0,0,0,3,0,0,0,0,3,0,0,0,3,0,0.0,0.0,0.0,60.0
764,o_4ERrpXTE1ke,齋藤秀昭,0,0,0,2,0,0,0,0,2,0,2,0,0,0,0.0,0.0,0.0,60.0
765,o_4ERNVTTE1ke,醍醐徹,0,0,0,1,0,0,0,0,1,0,1,0,0,0,0.0,0.0,0.0,60.0
766,o_4keBlXTE1ke,桑畑夏美,0,0,0,3,0,0,0,0,3,0,0,0,3,0,0.0,0.0,0.0,60.0
767,o_4kerJTTE1ke,柴一男,0,0,0,5,0,0,0,0,5,0,4,0,1,0,0.0,0.0,0.0,50.0
768,o_0kaZlXTE1ke,村瀬寛紀,0,0,0,3,0,0,0,0,3,0,0,0,3,0,0.0,0.0,0.0,50.0
769,o_4kaJNTTEF0M,黒澤尚,0,0,0,6,0,0,0,0,6,0,2,0,4,0,0.0,0.0,0.0,50.0
770,o_4ERNRTTE10d,木村永浩,0,0,0,4,0,0,0,0,4,0,4,0,0,0,0.0,0.0,0.0,50.0
771,o_0keZpXTE10d,細谷武史,0,0,0,2,0,0,0,0,2,0,2,0,0,0,0.0,0.0,0.0,50.0
772,o_4kejNTTEFUe,下河邉行信,0,0,0,2,0,0,0,0,2,0,0,0,2,0,0.0,0.0,0.0,50.0
773,o_4ERFhXTE1ke,清水敏,0,0,0,9,0,0,2,0,7,0,6,0,3,0,0.0,0.0,0.0,50.0
774,o_0EVrNTTEFUe,小川敏夫,0,0,0,2,0,0,0,0,2,0,1,0,1,0,0.0,0.0,0.0,50.0
775,o_8ERnhXTEFkM,山口春夫,0,0,0,3,0,0,0,0,3,0,0,0,3,0,0.0,0.0,0.0,50.0
776,o_0kardXTEFkM,栗坂崇,0,0,0,5,0,0,1,0,4,0,2,0,3,0,0.0,0.0,0.0,50.0
777,o_0kerBTTEFUN,宮川秋信,0,0,0,14,0,0,3,0,11,0,7,0,7,0,0.0,0.0,0.0,50.0
778,o_4ERZJzTEF0d,川島牧場,0,0,0,3,0,0,0,0,3,0,0,0,3,0,0.0,0.0,0.0,50.0
779,o_0ERRNTTE10d,村山卓也,0,0,0,3,0,0,2,0,1,0,1,0,2,0,0.0,0.0,0.0,50.0
780,o_0keFhXTE1ke,藤田秀行,0,0,0,4,0,0,0,0,4,0,0,0,4,0,0.0,0.0,0.0,50.0
781,o_0EVJBTTE1ke,鈴木高幸,0,0,0,3,0,0,0,0,3,0,0,0,3,0,0.0,0.0,0.0,50.0
782,o_4ERVpXTEFkM,加藤信之,0,0,0,7,0,0,2,0,5,0,2,0,5,0,0.0,0.0,0.0,50.0
783,o_0EVBpXTEFkM,楠本勝美,0,0,0,9,0,0,0,0,9,0,6,0,3,0,0.0,0.0,0.0,50.0
784,o_4EVVNTTEFUM,水谷八重子,0,0,0,3,0,0,0,0,3,0,0,0,3,0,0.0,0.0,0.0,50.0
785,o_8EVZVTTE1ke,岩崎充利,0,0,0,3,0,0,0,0,3,0,2,0,1,0,0.0,0.0,0.0,50.0
786,o_0ERNdXTE10d,前田亘輝,0,0,0,5,0,0,0,0,5,0,0,0,5,0,0.0,0.0,0.0,50.0
787,o_4ERjl3TEF0d,貴悦,0,0,0,2,0,0,0,0,2,0,0,0,2,0,0.0,0.0,0.0,50.0
788,o_0ERJl3TEFke,パニオロ,0,0,0,6,0,0,0,0,6,0,1,0,5,0,0.0,0.0,0.0,50.0
789,o_0EVRRTTEFUe,長塩豊,0,0,0,5,0,0,0,0,5,0,2,0,3,0,0.0,0.0,0.0,50.0
790,o_4kaJNTTEFUN,飯田政子,0,0,0,1,0,0,0,0,1,0,0,0,1,0,0.0,0.0,0.0,0.0
791,o_8EVRlXTE10d,新井浩明,0,0,0,3,0,0,0,0,3,0,2,0,1,0,0.0,0.0,0.0,0.0
792,o_0karFTTEF0M,斎藤光政,0,0,0,2,0,0,0,0,2,0,0,0,2,0,0.0,0.0,0.0,0.0
793,o_4ERJlXTE1ke,小林祐介,0,0,0,5,0,0,1,0,4,0,3,0,2,0,0.0,0.0,0.0,0.0
794,o_4keBdXTE1ke,稲垣隆治,0,0,0,2,0,0,0,0,2,0,0,0,2,0,0.0,0.0,0.0,0.0
795,o_0kaZpXTEFkM,北村和江,0,0,0,4,0,0,1,0,3,0,2,0,2,0,0.0,0.0,0.0,0.0
796,o_4kerpXTE10d,湊義明,0,0,0,1,0,0,0,0,1,0,1,0,0,0,0.0,0.0,0.0,0.0
797,o_4kendXTEFkM,池上一馬,0,0,0,11,0,0,0,0,11,0,5,0,6,0,0.0,0.0,0.0,0.0
798,o_4ERJRTTE1ke,今中俊平,0,0,0,9,0,0,1,0,8,0,8,0,1,0,0.0,0.0,0.0,0.0
799,o_8ERnRzTEF0d,ＣＨＥＶＡＬＡＴＴＡＣＨＥ,0,0,0,8,2,0,3,0,3,0,3,0,5,0,0.0,0.0,0.0,0.0
800,o_0ERrNjT6F0d,ジャスト・タイムクラブ,0,0,0,4,0,0,0,0,4,0,1,0,3,0,0.0,0.0,0.0,0.0
801,o_4ERJRTTEFEN,泉俊二,0,0,0,2,0,0,0,0,2,0,0,0,2,0,0.0,0.0,0.0,0.0
802,o_0EVJVTTEFEN,染谷幸雄,0,0,0,2,0,0,0,0,2,0,0,0,2,0,0.0,0.0,0.0,0.0
803,o_8ERVBTTE1ke,本多敏行,0,0,0,1,0,0,0,0,1,0,0,0,1,0,0.0,0.0,0.0,0.0
804,o_8ERnVTTEFkM,河村祥史,0,0,0,6,0,0,1,0,5,0,2,0,4,0,0.0,0.0,0.0,0.0
805,o_0ERFhXTEFUN,浜野順之助,0,0,0,2,0,0,0,0,2,0,0,0,2,0,0.0,0.0,0.0,0.0
806,o_4keVBTTE1ke,槙和美,0,0,0,3,0,0,0,0,3,0,0,0,3,0,0.0,0.0,0.0,0.0
807,o_0EVrFTTE1ke,米津佳昭,0,0,0,3,0,0,2,0,1,0,3,0,0,0,0.0,0.0,0.0,0.0
808,o_4keFdXTEFUe,河野和香子,0,0,0,5,0,0,0,0,5,0,0,0,5,0,0.0,0.0,0.0,0.0
809,o_8EVRpXTE1ke,北嶋義三,0,0,0,3,0,0,0,0,3,0,2,0,1,0,0.0,0.0,0.0,0.0
810,o_0EVrlXTEFUN,臼倉勲,0,0,0,1,0,0,0,0,1,0,0,0,1,0,0.0,0.0,0.0,0.0
811,o_0ERFJTTE1Ee,谷謙介,0,0,0,2,0,0,1,0,1,0,1,0,1,0,0.0,0.0,0.0,0.0
812,o_4kerpXTE1ke,湯浅健司,0,0,0,1,0,0,0,0,1,0,0,0,1,0,0.0,0.0,0.0,0.0
813,o_4kaJBTTEFUN,遠藤喜松,0,0,0,1,0,0,0,0,1,0,0,0,1,0,0.0,0.0,0.0,0.0
814,o_0ERVNTTE10d,長谷川成利,0,0,0,2,0,0,0,0,2,0,0,0,2,0,0.0,0.0,0.0,0.0
815,o_8EVRlXTE10d,新井浩明,0,0,0,3,0,0,0,0,3,0,2,0,1,0,0.0,0.0,0.0,0.0
816,o_4ERVNTTEFUe,海谷幸司,0,0,0,11,0,0,0,0,11,0,5,0,4,0,0.0,0.0,0.0,0.0
817,o_0ERNJTTE1ke,柳内正基,0,0,0,2,0,0,1,0,1,0,0,0,2,0,0.0,0.0,0.0,0.0
818,o_4ERBBTTE1ke,國枝久美子,0,0,0,2,0,0,0,0,2,0,2,0,0,0,0.0,0.0,0.0,0.0
819,o_4ERJlXTE1ke,小林祐介,0,0,0,5,0,0,1,0,4,0,3,0,2,0,0.0,0.0,0.0,0.0
820,o_0kaRBTTEFEN,坂田行夫,0,0,0,12,0,0,2,0,10,0,4,0,8,0,0.0,0.0,0.0,0.0
821,o_4keBdXTE1ke,稲垣隆治,0,0,0,2,0,0,0,0,2,0,0,0,2,0,0.0,0.0,0.0,0.0
822,o_4EVNdXTE1ke,星野隆男,0,0,0,2,0,0,0,0,2,0,0,0,2,0,0.0,0.0,0.0,0.0
823,o_0ERNBjT6F0d,ちきり組合,0,0,0,1,0,0,0,0,1,0,1,0,0,0,0.0,0.0,0.0,0.0
824,o_0EVFdXTE10d,近藤克麿,0,0,0,2,0,0,2,0,0,0,2,0,0,0,0.0,0.0,0.0,0.0
825,o_4keRRTTE1ke,谷賢臣,0,0,0,2,0,0,0,0,2,0,1,0,1,0,0.0,0.0,0.0,0.0
826,o_4kaZlXTEF0M,加藤晃央,0,0,0,4,0,0,0,0,4,0,0,0,4,0,0.0,0.0,0.0,0.0
827,o_0kaFJTTEFUM,内田滋三,0,0,0,3,0,0,0,0,3,0,1,0,2,0,0.0,0.0,0.0,0.0
828,o_0ERFBTTE1Ee,松田正一,0,0,0,1,0,0,0,0,1,0,1,0,0,0,0.0,0.0,0.0,0.0
829,o_8ERrRTTEFUM,大原詔宏,0,0,0,2,0,0,0,0,2,0,0,0,2,0,0.0,0.0,0.0,0.0
830,o_0kejBTTEFUN,大石秀夫,0,0,0,2,0,0,1,0,1,0,1,0,1,0,0.0,0.0,0.0,0.0
831,o_0ERFNTTEFUN,古川嘉治,0,0,0,5,0,0,3,0,2,0,2,0,3,0,0.0,0.0,0.0,0.0
832,o_4ERRdXTE10d,高嶋航,0,0,0,2,0,0,0,0,2,0,0,0,2,0,0.0,0.0,0.0,0.0
833,o_8EVJhXTE1ke,松浦快之,0,0,0,3,0,0,0,0,3,0,1,0,2,0,0.0,0.0,0.0,0.0
834,o_0kaZdXTEF0M,重松國建,0,0,0,5,0,0,4,0,1,0,1,0,4,0,0.0,0.0,0.0,0.0
835,o_0ERVd3TEFke,ＭＭＣ,0,0,0,1,0,0,0,0,1,0,0,0,1,0,0.0,0.0,0.0,0.0
836,o_8EVjpXTEFkM,鹽田久義,0,0,0,3,0,0,0,0,3,0,2,0,1,0,0.0,0.0,0.0,0.0
837,o_4ERZNTTEFEM,澤村敏雄,0,0,0,5,1,0,0,0,4,0,4,0,1,0,0.0,0.0,0.0,0.0
838,o_8EVZJTTE10d,高橋大,0,0,0,3,0,0,0,0,3,0,1,0,2,0,0.0,0.0,0.0,0.0
839,o_4EVnJTTEFkM,谷口屯,0,0,0,4,0,0,4,0,0,0,0,0,4,0,0.0,0.0,0.0,0.0
840,o_0EVFVTTEF0M,中島稔,0,0,0,38,0,0,5,0,33,0,4,0,31,0,0.0,0.0,0.0,0.0
841,o_4keFNzTEF0d,富士開発,0,0,0,3,0,0,0,0,3,0,1,0,2,0,0.0,0.0,0.0,0.0
842,o_0ERrhXTE1Ee,土橋正雄,0,0,0,2,0,0,1,0,1,0,2,0,0,0,0.0,0.0,0.0,0.0
843,o_8EVNlXTEFkM,華山龍一,0,0,0,6,0,0,0,0,6,0,1,0,5,0,0.0,0.0,0.0,0.0
844,o_4ERBJzTEF0d,杵臼斉藤牧場,0,0,0,3,0,0,1,0,2,0,1,0,2,0,0.0,0.0,0.0,0.0
845,o_4ERndXTE1ke,鶴見芳子,0,0,0,2,0,0,0,0,2,0,2,0,0,0,0.0,0.0,0.0,0.0
846,o_0kajFTTE1ke,西浩明,0,0,0,1,0,0,0,0,1,0,1,0,0,0,0.0,0.0,0.0,0.0
847,o_8EVRJTTE10d,大久保和夫,0,0,0,1,0,0,0,0,1,0,0,0,1,0,0.0,0.0,0.0,0.0
848,o_8ERFNTTE1ke,和田志保,0,0,0,4,0,0,0,0,4,0,2,0,2,0,0.0,0.0,0.0,0.0
849,o_4kejdXTEFkM,西城公雄,0,0,0,11,0,0,2,0,9,0,2,0,9,0,0.0,0.0,0.0,0.0
850,o_4EVJdXTE10d,大戸志浦,0,0,0,1,0,0,0,0,1,0,1,0,0,0,0.0,0.0,0.0,0.0
851,o_0ERVd3TEFke,ＭＭＣ,0,0,0,1,0,0,0,0,1,0,0,0,1,0,0.0,0.0,0.0,0.0
852,o_4ERnVTTEFUe,小沼博,0,0,0,1,0,0,0,0,1,0,1,0,0,0,0.0,0.0,0.0,0.0
853,o_0ERrhXTE1Ee,土橋正雄,0,0,0,2,0,0,1,0,1,0,2,0,0,0,0.0,0.0,0.0,0.0
854,o_8EVjVTTEF0M,馬目卓,0,0,0,3,0,0,0,0,3,0,0,0,3,0,0.0,0.0,0.0,0.0
855,o_8EVjdXTE10d,古賀禎彦,0,0,0,5,0,0,1,0,4,0,3,0,2,0,0.0,0.0,0.0,0.0
856,o_0keZRTTE1ke,片山浄見,0,0,0,2,0,0,0,0,2,0,0,0,2,0,0.0,0.0,0.0,0.0
857,o_4ERJdXTEFkM,陣内孝則,0,0,0,1,0,0,0,0,1,0,1,0,0,0,0.0,0.0,0.0,0.0
858,o_0ERJhXTEF0M,下河邉美智子,0,0,0,4,0,0,2,0,2,0,4,0,0,0,0.0,0.0,0.0,0.0
859,o_4keJhXTEFEN,久保博文,0,0,0,2,0,0,0,0,2,0,2,0,0,0,0.0,0.0,0.0,0.0
860,o_8EVnlXTE1ke,尾上寿夫,0,0,0,2,0,0,0,0,2,0,0,0,2,0,0.0,0.0,0.0,0.0
861,o_0keFFTTEFkM,塩田清,0,0,0,8,0,0,1,0,7,0,3,0,3,0,0.0,0.0,0.0,0.0
862,o_4EVrVzTEF0d,高木競走馬育成牧場,0,0,0,2,0,0,0,0,2,0,1,0,1,0,0.0,0.0,0.0,0.0
863,o_4kejNTTEFEM,山本弥恵子,0,0,0,1,0,0,0,0,1,0,0,0,1,0,0.0,0.0,0.0,0.0
864,o_0kajBTTEFEN,佐藤壽男,0,0,0,8,0,0,1,0,7,0,3,0,5,0,0.0,0.0,0.0,0.0
865,o_0keNRTTE10d,木村直樹,0,0,0,4,0,0,0,0,4,0,0,0,4,0,0.0,0.0,0.0,0.0
866,o_4EVjNTTE1ke,上村利幸,0,0,0,5,0,0,5,0,0,0,5,0,0,0,0.0,0.0,0.0,0.0
867,o_0kaZpXTEFkM,北村和江,0,0,0,4,0,0,1,0,3,0,2,0,2,0,0.0,0.0,0.0,0.0
868,o_0EVRhXTE10d,戸山昌彦,0,0,0,8,0,0,0,0,8,0,1,0,7,0,0.0,0.0,0.0,0.0
869,o_4kenh3TEF0d,リーヴァ,0,0,0,3,0,0,1,0,2,0,3,0,0,0,0.0,0.0,0.0,0.0
870,o_4keZJTTEF0M,的場徹,0,0,0,3,0,0,0,0,3,0,2,0,1,0,0.0,0.0,0.0,0.0
871,o_8EVVd3TEF0d,谷口牧場,0,0,0,1,0,0,0,0,1,0,0,0,1,0,0.0,0.0,0.0,0.0
872,o_0kenVTTEFUM,山口多賀司,0,0,0,2,0,0,0,0,2,0,0,0,2,0,0.0,0.0,0.0,0.0
873,o_0keRd3TEF0d,ジェネラルレーシング,0,0,0,5,0,0,0,0,5,0,2,0,3,0,0.0,0.0,0.0,0.0
874,o_4kaJNTTEFUN,飯田政子,0,0,0,1,0,0,0,0,1,0,0,0,1,0,0.0,0.0,0.0,0.0
875,o_8ERVhXTEFEM,中澤隆,0,0,0,3,0,0,2,0,1,0,3,0,0,0,0.0,0.0,0.0,0.0
876,o_0karFTTEF0M,斎藤光政,0,0,0,2,0,0,0,0,2,0,0,0,2,0,0.0,0.0,0.0,0.0
877,o_0keJBTTE10d,大和屋暁,0,0,0,3,0,0,0,0,3,0,0,0,3,0,0.0,0.0,0.0,0.0
878,o_0ERFNTTE10d,植木茂年,0,0,0,3,0,0,0,0,3,0,0,0,0,0,0.0,0.0,0.0,0.0
879,o_0ERrRjT6F0d,トール＆ワイド,0,0,0,2,0,0,0,0,2,0,0,0,2,0,0.0,0.0,0.0,0.0
880,o_0EVVFTTEFkM,円城幸男,0,0,0,2,0,0,0,0,2,0,0,0,2,0,0.0,0.0,0.0,0.0
881,o_4ERnhXTEFUe,大浅貢,0,0,0,7,0,0,1,0,6,0,0,0,7,0,0.0,0.0,0.0,0.0
882,o_4kenhXTE1ke,杉浦敏夫,0,0,0,3,0,0,0,0,3,0,2,0,1,0,0.0,0.0,0.0,0.0
883,o_4kanJTTE1ke,長谷川一雄,0,0,0,3,0,0,0,0,3,0,0,0,3,0,0.0,0.0,0.0,0.0
884,o_4keNVTTEFUN,栗嶋豊明,0,0,0,3,0,0,0,0,3,0,1,0,2,0,0.0,0.0,0.0,0.0
885,o_0ERNpXTEFUN,鹿倉勝爾,0,0,0,5,0,0,0,0,5,0,0,0,5,0,0.0,0.0,0.0,0.0
886,o_8EVNpXTEFkM,中村孝,0,0,0,7,0,0,1,0,6,0,3,0,4,0,0.0,0.0,0.0,0.0
887,o_8ERjlXTEFkM,松尾正,0,0,0,9,0,0,0,0,9,0,0,0,9,0,0.0,0.0,0.0,0.0
888,o_0EVRdXTE10d,林啓二,0,0,0,4,0,0,0,0,4,0,0,0,4,0,0.0,0.0,0.0,0.0
889,o_4kaBJTTEFkM,今朝光,0,0,0,3,0,0,0,0,3,0,2,0,1,0,0.0,0.0,0.0,0.0
890,o_0ERZpnT6F0d,池袋レーシング,0,0,0,1,0,0,0,0,1,0,0,0,1,0,0.0,0.0,0.0,0.0
891,o_4kenpXTE1ke,原村正紀,0,0,0,6,0,0,0,0,6,0,3,0,3,0,0.0,0.0,0.0,0.0
892,o_4EVnNzTEF0d,まの,0,0,0,1,0,0,0,0,1,0,0,0,1,0,0.0,0.0,0.0,0.0
893,o_4kejhXTEFkM,藤井謙,0,0,0,2,0,0,0,0,2,0,0,0,2,0,0.0,0.0,0.0,0.0
894,o_0kaFRTTEFEN,上茶谷一,0,0,0,4,0,0,3,0,1,0,0,0,4,0,0.0,0.0,0.0,0.0
895,o_4ERZlXTE10d,山本正美,0,0,0,1,0,0,0,0,1,0,0,0,1,0,0.0,0.0,0.0,0.0
896,o_8ERRd3TEF0d,Ｈ．Ｉコーポレーション,0,0,0,7,0,0,0,0,7,0,3,0,4,0,0.0,0.0,0.0,0.0
897,o_0kaBRTTEFkM,新井原博,0,0,0,7,0,0,0,0,7,0,2,0,5,0,0.0,0.0,0.0,0.0
898,o_0keBlXTE1ke,柳原達也,0,0,0,5,0,0,3,0,2,0,2,0,3,0,0.0,0.0,0.0,0.0
899,o_4keBpXTE10d,工藤圭司,0,0,0,4,0,0,0,0,4,0,0,0,4,0,0.0,0.0,0.0,0.0
900,o_0kaZJTTE1ke,西村健,0,0,0,4,0,0,0,0,4,0,1,0,3,0,0.0,0.0,0.0,0.0
901,o_4karpXTEFEM,小山田兼敏,0,0,0,1,0,0,0,0,1,0,1,0,0,0,0.0,0.0,0.0,0.0
902,o_4ERjBTTEFUe,小田切統二,0,0,0,5,0,0,3,0,2,0,3,0,0,0,0.0,0.0,0.0,0.0
903,o_4karVTTE1ke,細川勝也,0,0,0,2,0,0,0,0,2,0,0,0,2,0,0.0,0.0,0.0,0.0
904,o_0ERrJTTEF0M,大西定,0,0,0,2,0,0,2,0,0,0,2,0,0,0,0.0,0.0,0.0,0.0
905,o_8ERVpXTE10d,小原準一郎,0,0,0,3,0,0,0,0,3,0,0,0,3,0,0.0,0.0,0.0,0.0
906,o_0ERnFzTEFke,ホースケア,0,0,0,2,0,0,2,0,0,0,2,0,0,0,0.0,0.0,0.0,0.0
907,o_4EVJVTTEFUe,笹部義則,0,0,0,1,0,0,0,0,1,0,0,0,0,0,0.0,0.0,0.0,0.0
908,o_0keFRTTEF0M,吉永清美,0,0,0,2,0,0,0,0,2,0,0,0,2,0,0.0,0.0,0.0,0.0
909,o_8ERZNTTEFUe,村上幸三,0,0,0,3,0,0,0,0,3,0,1,0,0,0,0.0,0.0,0.0,0.0
910,o_4EVJBTTE1ke,福澤真吾,0,0,0,1,0,0,0,0,1,0,0,0,1,0,0.0,0.0,0.0,0.0
911,o_4ERndXTE1ke,鶴見芳子,0,0,0,2,0,0,0,0,2,0,2,0,0,0,0.0,0.0,0.0,0.0
912,o_8EVRJTTE10d,大久保和夫,0,0,0,1,0,0,0,0,1,0,0,0,1,0,0.0,0.0,0.0,0.0
913,o_0ERVJzTEFke,岩切企画,0,0,0,3,0,0,1,0,2,0,1,0,2,0,0.0,0.0,0.0,0.0
914,o_0ERRdnT6F0d,ＩＨＲ,0,0,0,1,0,0,0,0,1,0,0,0,1,0,0.0,0.0,0.0,0.0
915,o_4keRhXTEFEe,田中ふさ枝,0,0,0,2,0,0,2,0,0,0,2,0,0,0,0.0,0.0,0.0,0.0
916,o_0kaBhXTE1ke,永見貴昭,0,0,0,4,0,0,0,0,4,0,3,0,1,0,0.0,0.0,0.0,0.0
917,o_4kajl3TEF0d,グッドラック・ファーム,0,0,0,7,0,0,0,0,7,0,0,0,7,0,0.0,0.0,0.0,0.0
918,o_8EVJhXTE1ke,松浦快之,0,0,0,3,0,0,0,0,3,0,1,0,2,0,0.0,0.0,0.0,0.0
919,o_8EVVlXTEFUN,桜井欣吾,0,0,0,1,0,0,0,0,1,0,0,0,1,0,0.0,0.0,0.0,0.0
920,o_4kaBdXTE1ke,小林祐一,0,0,0,2,0,0,0,0,2,0,0,0,2,0,0.0,0.0,0.0,0.0
921,o_0EVNJTTEF0M,平川浩之,0,0,0,2,0,0,1,0,1,0,1,0,1,0,0.0,0.0,0.0,0.0
922,o_8EVZJTTE10d,高橋大,0,0,0,3,0,0,0,0,3,0,1,0,2,0,0.0,0.0,0.0,0.0
923,o_0ERnp3TEFke,ウエストヒルズ,0,0,0,3,0,0,0,0,3,0,1,0,2,0,0.0,0.0,0.0,0.0
924,o_0EVnNTTE1ke,西村静子,0,0,0,1,0,0,0,0,1,0,0,0,1,0,0.0,0.0,0.0,0.0
925,o_4keBlXTEFkM,成田隆好,0,0,0,2,0,0,0,0,2,0,2,0,0,0,0.0,0.0,0.0,0.0
926,o_0ERZJjT6F0d,サン,0,0,0,3,0,0,0,0,3,0,3,0,0,0,0.0,0.0,0.0,0.0
927,o_8EVjFTTEFUe,加藤興一,0,0,0,1,0,0,0,0,1,0,0,0,1,0,0.0,0.0,0.0,0.0
928,o_8EVNpXTE1ke,小林由明,0,0,0,1,0,0,0,0,1,0,0,0,1,0,0.0,0.0,0.0,0.0
929,o_0ERNBTTEFUN,森田藤治,0,0,0,2,1,0,1,0,0,0,2,0,0,0,0.0,0.0,0.0,0.0
930,o_0ERVRTTE1Ee,小野美子,0,0,0,1,0,0,1,0,0,0,1,0,0,0,0.0,0.0,0.0,0.0
931,o_0keZdXTEFUN,桜井忠隆,0,0,0,5,0,0,0,0,5,0,0,0,5,0,0.0,0.0,0.0,0.0
932,o_0kaBRTTE1ke,中西桂子,0,0,0,2,0,0,0,0,2,0,1,0,1,0,0.0,0.0,0.0,0.0
933,o_8ERrpXTE10d,志村幸彦,0,0,0,6,0,0,0,0,6,0,1,0,5,0,0.0,0.0,0.0,0.0
934,o_8EVNJTTE1ke,高原将浩,0,0,0,1,0,0,0,0,1,0,1,0,0,0,0.0,0.0,0.0,0.0
935,o_0kaFBTTEFUe,保谷フミ子,0,0,0,1,0,0,0,0,1,0,0,0,1,0,0.0,0.0,0.0,0.0
936,o_4keVBTTEFUM,時田勝弘,0,0,0,3,0,0,1,0,2,0,1,0,2,0,0.0,0.0,0.0,0.0
937,o_4kaJpXTE1ke,柳田英子,0,0,0,3,0,0,0,0,3,0,0,0,3,0,0.0,0.0,0.0,0.0
938,o_4ERZBTTEFUN,大橋堯,0,0,0,3,0,0,0,0,3,0,3,0,0,0,0.0,0.0,0.0,0.0
939,o_4ERnVTTEF0M,豊田智郎,0,0,0,7,2,0,2,0,3,0,2,0,5,0,0.0,0.0,0.0,0.0
940,o_0EVFRTTEF0M,竹本いずみ,0,0,0,1,0,0,0,0,1,0,0,0,1,0,0.0,0.0,0.0,0.0
941,o_4EVrVzTEF0d,高木競走馬育成牧場,0,0,0,2,0,0,0,0,2,0,1,0,1,0,0.0,0.0,0.0,0.0
942,o_0EVnlXTE1ke,前田剛,0,0,0,5,0,0,1,0,4,0,5,0,0,0,0.0,0.0,0.0,0.0
943,o_8ERrdXTEF0M,長井純一,0,0,0,5,0,0,0,0,5,0,3,0,2,0,0.0,0.0,0.0,0.0
944,o_0ERVVTTE1Ee,蓑島竜一,0,0,0,2,2,0,0,0,0,0,2,0,0,0,0.0,0.0,0.0,0.0
945,o_4EVnRTTEFEN,森山進,0,0,0,5,0,0,3,0,2,0,5,0,0,0,0.0,0.0,0.0,0.0
946,o_4EVVFTTE1ke,小林哲之,0,0,0,2,0,0,0,0,2,0,0,0,2,0,0.0,0.0,0.0,0.0
947,o_4EVRhXTEFEN,橋場勇二,0,0,0,7,0,0,1,0,6,0,2,0,5,0,0.0,0.0,0.0,0.0
948,o_4keZJTTEF0M,的場徹,0,0,0,3,0,0,0,0,3,0,2,0,1,0,0.0,0.0,0.0,0.0
949,o_8EVrhXTE1ke,渡邉顕三,0,0,0,4,0,0,0,0,4,0,0,0,4,0,0.0,0.0,0.0,0.0
950,o_4EVJVTTEFUe,笹部義則,0,0,0,1,0,0,0,0,1,0,0,0,0,0,0.0,0.0,0.0,0.0
951,o_4kenVTTE1ke,松尾勝裕,0,0,0,1,0,0,0,0,1,0,1,0,0,0,0.0,0.0,0.0,0.0
952,o_8ERZNTTEFUe,村上幸三,0,0,0,3,0,0,0,0,3,0,1,0,0,0,0.0,0.0,0.0,0.0
953,o_4EVNFTTEFkM,岡村善行,0,0,0,3,0,0,0,0,3,0,2,0,1,0,0.0,0.0,0.0,0.0
954,o_0ERrBTTE1Ee,冨田藤男,0,0,0,1,1,0,0,0,0,0,1,0,0,0,0.0,0.0,0.0,0.0
955,o_4karRTTE1ke,森和久,0,0,0,4,0,0,3,0,1,0,0,0,4,0,0.0,0.0,0.0,0.0
956,o_4ERZBTTE1ke,石川貴久,0,0,0,2,0,0,0,0,2,0,1,0,1,0,0.0,0.0,0.0,0.0
957,o_4karpXTEFEM,小山田兼敏,0,0,0,1,0,0,0,0,1,0,1,0,0,0,0.0,0.0,0.0,0.0
958,o_4ERZBTTEFEN,大野富生,0,0,0,5,1,0,0,0,4,0,2,0,3,0,0.0,0.0,0.0,0.0
959,o_0ERrJTTEF0M,大西定,0,0,0,2,0,0,2,0,0,0,2,0,0,0,0.0,0.0,0.0,0.0
960,o_0kejdXTE1ke,長谷川守正,0,0,0,12,0,0,1,0,11,0,6,0,6,0,0.0,0.0,0.0,0.0
961,o_0EVVpXTE1ke,井手慶祐,0,0,0,1,0,0,0,0,1,0,1,0,0,0,0.0,0.0,0.0,0.0
962,o_8ERFBTTE1ke,井上勇人,0,0,0,2,0,0,1,0,1,0,1,0,1,0,0.0,0.0,0.0,0.0
963,o_8EVVlXTEFUN,桜井欣吾,0,0,0,1,0,0,0,0,1,0,0,0,1,0,0.0,0.0,0.0,0.0
964,o_0EVNJTTEF0M,平川浩之,0,0,0,2,0,0,1,0,1,0,1,0,1,0,0.0,0.0,0.0,0.0
965,o_4kanhXTEFkM,早川経一,0,0,0,3,0,0,0,0,3,0,3,0,0,0,0.0,0.0,0.0,0.0
966,o_4EVJRTTE10d,佐藤勝士,0,0,0,1,0,0,0,0,1,0,1,0,0,0,0.0,0.0,0.0,0.0
967,o_0ERRdnT6F0d,ＩＨＲ,0,0,0,1,0,0,0,0,1,0,0,0,1,0,0.0,0.0,0.0,0.0
968,o_4keRhXTEFEe,田中ふさ枝,0,0,0,2,0,0,2,0,0,0,2,0,0,0,0.0,0.0,0.0,0.0
969,o_8EVjJTTE10d,八木一雄,0,0,0,2,0,0,0,0,2,0,0,0,2,0,0.0,0.0,0.0,0.0
970,o_4kajl3TEF0d,グッドラック・ファーム,0,0,0,7,0,0,0,0,7,0,0,0,7,0,0.0,0.0,0.0,0.0
971,o_8EVNlXTEFEN,柴田洋一,0,0,0,2,0,0,0,0,2,0,2,0,0,0,0.0,0.0,0.0,0.0
972,o_4keBlXTEFkM,成田隆好,0,0,0,2,0,0,0,0,2,0,2,0,0,0,0.0,0.0,0.0,0.0
973,o_8EVjFTTEFUe,加藤興一,0,0,0,1,0,0,0,0,1,0,0,0,1,0,0.0,0.0,0.0,0.0
974,o_0ERNBTTEFUN,森田藤治,0,0,0,2,1,0,1,0,0,0,2,0,0,0,0.0,0.0,0.0,0.0
975,o_4ERRRTTEFUN,矢野秀春,0,0,0,3,0,0,0,0,3,0,2,0,1,0,0.0,0.0,0.0,0.0
976,o_4EVFpXTE1ke,小関勝紀,0,0,0,1,0,0,0,0,1,0,0,0,1,0,0.0,0.0,0.0,0.0
977,o_4kaZpXTE1ke,西村隆平,0,0,0,1,0,0,0,0,1,0,1,0,0,0,0.0,0.0,0.0,0.0
978,o_0kenFzTEF0d,ゴールドレーシング,0,0,0,3,0,0,0,0,3,0,2,0,0,0,0.0,0.0,0.0,0.0
979,o_4EVRpXTE1ke,薪浦州平,0,0,0,1,0,0,0,0,1,0,0,0,1,0,0.0,0.0,0.0,0.0
980,o_0karhXTEFkM,野口弘司,0,0,0,1,0,0,0,0,1,0,1,0,0,0,0.0,0.0,0.0,0.0
981,o_0ERFRTTE10d,野崎昭夫,0,0,0,1,0,0,0,0,1,0,1,0,0,0,0.0,0.0,0.0,0.0
982,o_0EVRpXTE10d,長谷川彰,0,0,0,1,0,0,0,0,1,0,1,0,0,0,0.0,0.0,0.0,0.0
983,o_0kaFBTTEFUe,保谷フミ子,0,0,0,1,0,0,0,0,1,0,0,0,1,0,0.0,0.0,0.0,0.0
984,o_4keVBTTEFUM,時田勝弘,0,0,0,3,0,0,1,0,2,0,1,0,2,0,0.0,0.0,0.0,0.0
985,o_4ERrlXTE1ke,吉見典子,0,0,0,1,0,0,0,0,1,0,1,0,0,0,0.0,0.0,0.0,0.0
986,o_4kaVpXTE1ke,神田アヤ子,0,0,0,1,0,0,0,0,1,0,1,0,0,0,0.0,0.0,0.0,0.0
987,o_4kajNTTE1ke,晴間芳次,0,0,0,2,0,0,2,0,0,0,0,0,2,0,0.0,0.0,0.0,0.0
988,o_4ERNdXTEFUe,塩川和則,0,0,0,2,0,0,0,0,2,0,1,0,1,0,0.0,0.0,0.0,0.0
989,o_0ERnBzTEFke,新生ファーム,0,0,0,1,0,0,1,0,0,0,1,0,0,0,0.0,0.0,0.0,0.0
990,o_0kejhXTEFUN,高橋文男,0,0,0,6,0,0,0,0,6,0,1,0,5,0,0.0,0.0,0.0,0.0
991,o_8ERrNTTE10d,泉一郎,0,0,0,2,0,0,0,0,2,0,0,0,2,0,0.0,0.0,0.0,0.0
992,o_0ERFhXTE1ke,川島与市,0,0,0,2,0,0,0,0,2,0,2,0,0,0,0.0,0.0,0.0,0.0
993,o_4EVZpXTE10d,村上卓史,0,0,0,3,0,0,0,0,3,0,1,0,2,0,0.0,0.0,0.0,0.0
994,o_0EVFRTTEF0M,竹本いずみ,0,0,0,1,0,0,0,0,1,0,0,0,1,0,0.0,0.0,0.0,0.0
995,o_0kaVpXTE1ke,藤本彰,0,0,0,1,0,0,0,0,1,0,0,0,1,0,0.0,0.0,0.0,0.0
996,o_4EVrVzTEF0d,高木競走馬育成牧場,0,0,0,2,0,0,0,0,2,0,1,0,1,0,0.0,0.0,0.0,0.0
997,o_4ERVNTTEFEM,鈴木可一,0,0,0,2,0,0,0,0,2,0,0,0,2,0,0.0,0.0,0.0,0.0
998,o_8ERrdXTEF0M,長井純一,0,0,0,5,0,0,0,0,5,0,3,0,2,0,0.0,0.0,0.0,0.0
999,o_4EVjhXTE1ke,阿部善武,0,0,0,7,0,0,0,0,7,0,0,0,7,0,0.0,0.0,0.0,0.0
1000,o_4kaNVzTEF0d,広富牧場,0,0,0,2,0,0,0,0,2,0,0,0,2,0,0.0,0.0,0.0,0.0
1001,o_8EVjVTTEF0M,馬目卓,0,0,0,3,0,0,0,0,3,0,0,0,3,0,0.0,0.0,0.0,0.0
1002,o_0ERBJzTEFke,小山田満,0,0,0,4,0,0,0,0,4,0,0,0,4,0,0.0,0.0,0.0,0.0
1003,o_8EVVFTTE1ke,鈴木剛史,0,0,0,2,0,0,0,0,2,0,2,0,0,0,0.0,0.0,0.0,0.0
1004,o_4EVrRTTEFUe,日向均,0,0,0,4,0,0,1,0,3,0,1,0,3,0,0.0,0.0,0.0,0.0
1005,o_0ERnVTTE10d,荒木誠,0,0,0,3,0,0,0,0,3,0,0,0,3,0,0.0,0.0,0.0,0.0
1006,o_0ERFlXTE1Ee,武仲勝,0,0,0,2,0,0,1,0,1,0,1,0,1,0,0.0,0.0,0.0,0.0
1007,o_8ERrdXTEFUe,小林章,0,0,0,1,0,0,0,0,1,0,0,0,1,0,0.0,0.0,0.0,0.0
1008,o_8ERBJTTEFUe,猪野毛雅人,0,0,0,8,0,0,1,0,7,0,1,0,4,0,0.0,0.0,0.0,0.0
1009,o_4keRd3TEF0d,浜本牧場,0,0,0,4,0,0,0,0,4,0,1,0,3,0,0.0,0.0,0.0,0.0
1010,o_0EVNRTTE10d,稲川一,0,0,0,3,0,0,1,0,2,0,0,0,3,0,0.0,0.0,0.0,0.0
1011,o_8EVNpXTEFEN,小林弘明,0,0,0,1,0,0,0,0,1,0,0,0,1,0,0.0,0.0,0.0,0.0
1012,o_4ERjFTTE1ke,岡田昭利,0,0,0,1,1,0,0,0,0,0,0,0,1,0,0.0,0.0,0.0,0.0
1013,o_0ERFRzTEFke,トップフェロウ,0,0,0,5,0,0,0,0,5,0,0,0,5,0,0.0,0.0,0.0,0.0
1014,o_4keFpXTEFUM,田島榮二郎,0,0,0,10,0,0,1,0,9,0,6,0,4,0,0.0,0.0,0.0,0.0
1015,o_0ERBBTTEl1d,Ｈ．Ｈ．シェイク・ハムダン,0,0,0,1,0,0,0,0,1,0,0,0,1,0,0.0,0.0,0.0,0.0
1016,o_4ERnVTTEFUe,小沼博,0,0,0,1,0,0,0,0,1,0,1,0,0,0,0.0,0.0,0.0,0.0
1017,o_4keZFTTEF0M,松岡正二,0,0,0,2,0,0,0,0,2,0,0,0,2,0,0.0,0.0,0.0,0.0
1018,o_4ERZBTTEFEN,大野富生,0,0,0,5,1,0,0,0,4,0,2,0,3,0,0.0,0.0,0.0,0.0
1019,o_0kejdXTE1ke,長谷川守正,0,0,0,12,0,0,1,0,11,0,6,0,6,0,0.0,0.0,0.0,0.0
1020,o_4ERJdXTEFkM,陣内孝則,0,0,0,1,0,0,0,0,1,0,1,0,0,0,0.0,0.0,0.0,0.0
1021,o_0ERJhXTEF0M,下河邉美智子,0,0,0,4,0,0,2,0,2,0,4,0,0,0,0.0,0.0,0.0,0.0
1022,o_4kenVTTE1ke,松尾勝裕,0,0,0,1,0,0,0,0,1,0,1,0,0,0,0.0,0.0,0.0,0.0
1023,o_4keJhXTEFEN,久保博文,0,0,0,2,0,0,0,0,2,0,2,0,0,0,0.0,0.0,0.0,0.0
1024,o_4EVNFTTEFkM,岡村善行,0,0,0,3,0,0,0,0,3,0,2,0,1,0,0.0,0.0,0.0,0.0
1025,o_0ERrBTTE1Ee,冨田藤男,0,0,0,1,1,0,0,0,0,0,1,0,0,0,0.0,0.0,0.0,0.0
1026,o_0keFFTTEFkM,塩田清,0,0,0,8,0,0,1,0,7,0,3,0,3,0,0.0,0.0,0.0,0.0
1027,o_4karRTTE1ke,森和久,0,0,0,4,0,0,3,0,1,0,0,0,4,0,0.0,0.0,0.0,0.0
1028,o_4ERZBTTE1ke,石川貴久,0,0,0,2,0,0,0,0,2,0,1,0,1,0,0.0,0.0,0.0,0.0
1029,o_4kejNTTEFEM,山本弥恵子,0,0,0,1,0,0,0,0,1,0,0,0,1,0,0.0,0.0,0.0,0.0
1030,o_0kajBTTEFEN,佐藤壽男,0,0,0,8,0,0,1,0,7,0,3,0,5,0,0.0,0.0,0.0,0.0
1031,o_4EVJRTTE10d,佐藤勝士,0,0,0,1,0,0,0,0,1,0,1,0,0,0,0.0,0.0,0.0,0.0
1032,o_0kaZpXTEFkM,北村和江,0,0,0,4,0,0,1,0,3,0,2,0,2,0,0.0,0.0,0.0,0.0
1033,o_8EVjJTTE10d,八木一雄,0,0,0,2,0,0,0,0,2,0,0,0,2,0,0.0,0.0,0.0,0.0
1034,o_8EVNlXTEFEN,柴田洋一,0,0,0,2,0,0,0,0,2,0,2,0,0,0,0.0,0.0,0.0,0.0
1035,o_0EVVpXTE1ke,井手慶祐,0,0,0,1,0,0,0,0,1,0,1,0,0,0,0.0,0.0,0.0,0.0
1036,o_8ERFBTTE1ke,井上勇人,0,0,0,2,0,0,1,0,1,0,1,0,1,0,0.0,0.0,0.0,0.0
1037,o_4kaZpXTEF0M,内藤好江,0,0,0,7,0,0,0,0,7,0,0,0,7,0,0.0,0.0,0.0,0.0
1038,o_0kenVTTEFUM,山口多賀司,0,0,0,2,0,0,0,0,2,0,0,0,2,0,0.0,0.0,0.0,0.0
1039,o_8EVVd3TEF0d,谷口牧場,0,0,0,1,0,0,0,0,1,0,0,0,1,0,0.0,0.0,0.0,0.0
1040,o_4kanhXTEFkM,早川経一,0,0,0,3,0,0,0,0,3,0,3,0,0,0,0.0,0.0,0.0,0.0
1041,o_0keRd3TEF0d,ジェネラルレーシング,0,0,0,5,0,0,0,0,5,0,2,0,3,0,0.0,0.0,0.0,0.0
1042,o_0karFTTEF0M,斎藤光政,0,0,0,2,0,0,0,0,2,0,0,0,2,0,0.0,0.0,0.0,0.0
1043,o_8ERVhXTEFEM,中澤隆,0,0,0,3,0,0,2,0,1,0,3,0,0,0,0.0,0.0,0.0,0.0
1044,o_0EVRdXTE10d,林啓二,0,0,0,4,0,0,0,0,4,0,0,0,4,0,0.0,0.0,0.0,0.0
1045,o_0ERFRTTE10d,野崎昭夫,0,0,0,1,0,0,0,0,1,0,1,0,0,0,0.0,0.0,0.0,0.0
1046,o_0EVVFTTEFkM,円城幸男,0,0,0,2,0,0,0,0,2,0,0,0,2,0,0.0,0.0,0.0,0.0
1047,o_4keBhXTEFUM,松岡悟,0,0,0,1,0,0,0,0,1,0,0,0,1,0,0.0,0.0,0.0,0.0
1048,o_4ERnhXTEFUe,大浅貢,0,0,0,7,0,0,1,0,6,0,0,0,7,0,0.0,0.0,0.0,0.0
1049,o_4EVFpXTE1ke,小関勝紀,0,0,0,1,0,0,0,0,1,0,0,0,1,0,0.0,0.0,0.0,0.0
1050,o_8EVJVTTEFUN,福島徳佑,0,0,0,1,0,0,0,0,1,0,0,0,1,0,0.0,0.0,0.0,0.0
1051,o_8ERFBTTE1ke,井上勇人,0,0,0,2,0,0,1,0,1,0,1,0,1,0,0.0,0.0,0.0,0.0
1052,o_0EVRpXTE10d,長谷川彰,0,0,0,1,0,0,0,0,1,0,1,0,0,0,0.0,0.0,0.0,0.0
1053,o_0EVRFTTEFUe,佐々木徹,0,0,0,5,0,0,0,0,5,0,1,0,1,0,0.0,0.0,0.0,0.0
1054,o_0keJJTTE10d,藤沼利夫,0,0,0,2,0,0,0,0,2,0,1,0,1,0,0.0,0.0,0.0,0.0
1055,o_4ERrlXTE1ke,吉見典子,0,0,0,1,0,0,0,0,1,0,1,0,0,0,0.0,0.0,0.0,0.0
1056,o_4kaJFTTEFEN,戸賀智子,0,0,0,5,0,0,1,0,4,0,0,0,5,0,0.0,0.0,0.0,0.0
1057,o_4EVFpXTE1ke,小関勝紀,0,0,0,1,0,0,0,0,1,0,0,0,1,0,0.0,0.0,0.0,0.0
1058,o_4EVZpXTE10d,村上卓史,0,0,0,3,0,0,0,0,3,0,1,0,2,0,0.0,0.0,0.0,0.0
1059,o_4kaZpXTE1ke,西村隆平,0,0,0,1,0,0,0,0,1,0,1,0,0,0,0.0,0.0,0.0,0.0
1060,o_4ERVlXTEFUe,棚網基己,0,0,0,3,0,0,0,0,3,0,0,0,3,0,0.0,0.0,0.0,0.0
1061,o_4EVRpXTE1ke,薪浦州平,0,0,0,1,0,0,0,0,1,0,0,0,1,0,0.0,0.0,0.0,0.0
1062,o_0ERFJjT6F0d,サミットレーシング,0,0,0,1,0,0,1,0,0,0,0,0,1,0,0.0,0.0,0.0,0.0
1063,o_4karpXTEFEM,小山田兼敏,0,0,0,1,0,0,0,0,1,0,1,0,0,0,0.0,0.0,0.0,0.0
1064,o_8EVVFTTEFkM,松屋隆士,0,0,0,2,0,0,0,0,2,0,2,0,0,0,0.0,0.0,0.0,0.0
1065,o_0kaZpXTEFUM,奥村啓二,0,0,0,5,0,0,0,0,5,0,1,0,4,0,0.0,0.0,0.0,0.0
1066,o_0ERBhXTEl1d,Ｈ．Ｒ．Ｈ．プリンセス・ハヤ,0,0,0,3,0,0,0,0,3,0,1,0,2,0,0.0,0.0,0.0,0.0
1067,o_8EVBJTTEFUM,森田芳男,0,0,0,1,0,0,0,0,1,0,1,0,0,0,0.0,0.0,0.0,0.0
1068,o_4EVJVTTEFUe,笹部義則,0,0,0,1,0,0,0,0,1,0,0,0,0,0,0.0,0.0,0.0,0.0
1069,o_0ERFhXTE1ke,川島与市,0,0,0,2,0,0,0,0,2,0,2,0,0,0,0.0,0.0,0.0,0.0
1070,o_8ERFVTTEFEN,国田正忠,0,0,0,3,0,0,1,0,2,0,0,0,3,0,0.0,0.0,0.0,0.0
1071,o_8ERjVTTEFEM,梶山高志,0,0,0,1,0,0,1,0,0,0,1,0,0,0,0.0,0.0,0.0,0.0
1072,o_4kajNTTE1ke,晴間芳次,0,0,0,2,0,0,2,0,0,0,0,0,2,0,0.0,0.0,0.0,0.0
1073,o_0EVBdXTEFkM,小林量,0,0,0,3,0,0,0,0,3,0,0,0,3,0,0.0,0.0,0.0,0.0
1074,o_0ERnBzTEFke,新生ファーム,0,0,0,1,0,0,1,0,0,0,1,0,0,0,0.0,0.0,0.0,0.0
1075,o_0kejlXTE1ke,熊木浩,0,0,0,2,0,0,0,0,2,0,0,0,2,0,0.0,0.0,0.0,0.0
1076,o_4ERNpXTEFkM,長谷川兼美,0,0,0,1,0,0,0,0,1,0,1,0,0,0,0.0,0.0,0.0,0.0
1077,o_4keRhXTEFEe,田中ふさ枝,0,0,0,2,0,0,2,0,0,0,2,0,0,0,0.0,0.0,0.0,0.0
1078,o_4kajl3TEF0d,グッドラック・ファーム,0,0,0,7,0,0,0,0,7,0,0,0,7,0,0.0,0.0,0.0,0.0
1079,o_4kaVpXTE1ke,神田アヤ子,0,0,0,1,0,0,0,0,1,0,1,0,0,0,0.0,0.0,0.0,0.0
1080,o_0keBRTTEFEN,吉田都枝江,0,0,0,3,0,0,0,0,3,0,1,0,2,0,0.0,0.0,0.0,0.0
1081,o_4kandXTE10d,竹原孝昭,0,0,0,3,0,0,0,0,3,0,1,0,2,0,0.0,0.0,0.0,0.0
1082,o_0kaVpXTE1ke,藤本彰,0,0,0,1,0,0,0,0,1,0,0,0,1,0,0.0,0.0,0.0,0.0
1083,o_4EVJJTTE10d,宮田守,0,0,0,1,0,0,0,0,1,0,1,0,0,0,0.0,0.0,0.0,0.0
1084,o_0EVNlXTEF0M,石橋英郎,0,0,0,1,0,0,0,0,1,0,1,0,0,0,0.0,0.0,0.0,0.0
1085,o_0kerJzTEF0d,長浜牧場,0,0,0,1,0,0,0,0,1,0,1,0,0,0,0.0,0.0,0.0,0.0
1086,o_4kejpXTEF0M,鈴木伸昭,0,0,0,2,0,0,1,0,1,0,1,0,1,0,0.0,0.0,0.0,0.0
1087,o_4EVjhXTE1ke,阿部善武,0,0,0,7,0,0,0,0,7,0,0,0,7,0,0.0,0.0,0.0,0.0
1088,o_0ERVFTTE1Ee,原大栄,0,0,0,2,0,0,2,0,0,0,2,0,0,0,0.0,0.0,0.0,0.0
1089,o_8EVRFTTE1ke,町田武,0,0,0,2,0,0,0,0,2,0,1,0,1,0,0.0,0.0,0.0,0.0
1090,o_0ERFpnT6F0d,ディアレスト,0,0,0,1,0,0,0,0,1,0,0,0,1,0,0.0,0.0,0.0,0.0
1091,o_4kajRzTEF0d,フジレーシング,0,0,0,3,0,0,0,0,3,0,0,0,3,0,0.0,0.0,0.0,0.0
1092,o_4keBlXTEFkM,成田隆好,0,0,0,2,0,0,0,0,2,0,2,0,0,0,0.0,0.0,0.0,0.0
1093,o_4EVBFTTE1ke,臺佳彦,0,0,0,1,0,0,0,0,1,0,1,0,0,0,0.0,0.0,0.0,0.0
1094,o_8EVnh3TEF0d,みどり住宅,0,0,0,3,0,0,0,0,3,0,0,0,3,0,0.0,0.0,0.0,0.0
1095,o_0kerNTTE10d,田中善次郎,0,0,0,1,0,0,0,0,1,0,0,0,1,0,0.0,0.0,0.0,0.0
1096,o_8ERrlXTEFUe,小林薫,0,0,0,3,0,0,0,0,3,0,0,0,3,0,0.0,0.0,0.0,0.0
1097,o_4kerpXTE10d,湊義明,0,0,0,1,0,0,0,0,1,0,1,0,0,0,0.0,0.0,0.0,0.0
1098,o_8ERJdXTEFUN,鈴木義孝,0,0,0,3,0,0,0,0,3,0,1,0,2,0,0.0,0.0,0.0,0.0
1099,o_4ERJRTTE1ke,今中俊平,0,0,0,9,0,0,1,0,8,0,8,0,1,0,0.0,0.0,0.0,0.0
1100,o_0keRd3TEF0d,ジェネラルレーシング,0,0,0,5,0,0,0,0,5,0,2,0,3,0,0.0,0.0,0.0,0.0
1101,o_4kaJNTTEFUN,飯田政子,0,0,0,1,0,0,0,0,1,0,0,0,1,0,0.0,0.0,0.0,0.0
1102,o_8EVrl3TEF0d,谷岡牧場,0,0,0,1,0,0,0,0,1,0,0,0,1,0,0.0,0.0,0.0,0.0
1103,o_8EVRFTTE1ke,町田武,0,0,0,2,0,0,0,0,2,0,1,0,1,0,0.0,0.0,0.0,0.0
1104,o_4kaBJTTEFkM,今朝光,0,0,0,3,0,0,0,0,3,0,2,0,1,0,0.0,0.0,0.0,0.0
1105,o_8EVRpXTE1ke,北嶋義三,0,0,0,3,0,0,0,0,3,0,2,0,1,0,0.0,0.0,0.0,0.0
1106,o_0ERVFTTE1Ee,原大栄,0,0,0,2,0,0,2,0,0,0,2,0,0,0,0.0,0.0,0.0,0.0
1107,o_4kandXTE10d,竹原孝昭,0,0,0,3,0,0,0,0,3,0,1,0,2,0,0.0,0.0,0.0,0.0
1108,o_0EVVFTTEFkM,円城幸男,0,0,0,2,0,0,0,0,2,0,0,0,2,0,0.0,0.0,0.0,0.0
1109,o_4ERnhXTEFUe,大浅貢,0,0,0,7,0,0,1,0,6,0,0,0,7,0,0.0,0.0,0.0,0.0
1110,o_4EVJJTTE10d,宮田守,0,0,0,1,0,0,0,0,1,0,1,0,0,0,0.0,0.0,0.0,0.0
1111,o_4keNVTTEFUN,栗嶋豊明,0,0,0,3,0,0,0,0,3,0,1,0,2,0,0.0,0.0,0.0,0.0
1112,o_0ERNpXTEFUN,鹿倉勝爾,0,0,0,5,0,0,0,0,5,0,0,0,5,0,0.0,0.0,0.0,0.0
1113,o_4keVBTTE1ke,槙和美,0,0,0,3,0,0,0,0,3,0,0,0,3,0,0.0,0.0,0.0,0.0
1114,o_4ERJRTTE1ke,今中俊平,0,0,0,9,0,0,1,0,8,0,8,0,1,0,0.0,0.0,0.0,0.0
1115,o_4ERBd3TEF0d,様似共栄牧場,0,0,0,3,0,0,0,0,3,0,0,0,3,0,0.0,0.0,0.0,0.0
1116,o_8ERnRzTEF0d,ＣＨＥＶＡＬＡＴＴＡＣＨＥ,0,0,0,8,2,0,3,0,3,0,3,0,5,0,0.0,0.0,0.0,0.0
1117,o_0keVBTTEFkM,西浦和男,0,0,0,2,0,0,0,0,2,0,0,0,2,0,0.0,0.0,0.0,0.0
1118,o_0keFJTTE1ke,守内ひろ子,0,0,0,3,0,0,1,0,2,0,1,0,2,0,0.0,0.0,0.0,0.0
1119,o_4ERNdXTE1ke,林弘之,0,0,0,3,0,0,0,0,3,0,0,0,3,0,0.0,0.0,0.0,0.0
1120,o_4EVnNzTEF0d,まの,0,0,0,1,0,0,0,0,1,0,0,0,1,0,0.0,0.0,0.0,0.0
1121,o_4kerpXTE1ke,湯浅健司,0,0,0,1,0,0,0,0,1,0,0,0,1,0,0.0,0.0,0.0,0.0
1122,o_4keFpXTE1ke,西岡透,0,0,0,1,0,0,0,0,1,0,0,0,1,0,0.0,0.0,0.0,0.0
1123,o_8ERjFTTEFkM,永田和彦,0,0,0,8,1,0,2,0,5,0,7,0,1,0,0.0,0.0,0.0,0.0
1124,o_4ERJlXTE1ke,小林祐介,0,0,0,5,0,0,1,0,4,0,3,0,2,0,0.0,0.0,0.0,0.0
1125,o_4EVBFTTE1ke,臺佳彦,0,0,0,1,0,0,0,0,1,0,1,0,0,0,0.0,0.0,0.0,0.0
1126,o_4kenJTTEFkM,増山武志,0,0,0,5,0,0,0,0,5,0,0,0,5,0,0.0,0.0,0.0,0.0
1127,o_0kaBRTTEFkM,新井原博,0,0,0,7,0,0,0,0,7,0,2,0,5,0,0.0,0.0,0.0,0.0
1128,o_4ERVVzTEF0d,イクタ,0,0,0,16,0,0,0,0,16,0,6,0,10,0,0.0,0.0,0.0,0.0
1129,o_4kerpXTE10d,湊義明,0,0,0,1,0,0,0,0,1,0,1,0,0,0,0.0,0.0,0.0,0.0
1130,o_4EVVBTTEFEN,吉田勝利,0,0,0,10,0,0,1,0,9,0,3,0,7,0,0.0,0.0,0.0,0.0
1131,o_8EVRVTTE10d,益田修一,0,0,0,3,0,0,0,0,3,0,2,0,1,0,0.0,0.0,0.0,0.0
1132,o_0ERRdXTEFEN,吉田昭一,0,0,0,1,0,0,0,0,1,0,0,0,1,0,0.0,0.0,0.0,0.0
1133,o_4kanpXTEFkM,橋元幸次,0,0,0,3,0,0,0,0,3,0,0,0,3,0,0.0,0.0,0.0,0.0
1134,o_8ERRh3TEF0d,二風谷ファーム,0,0,0,1,0,0,1,0,0,0,1,0,0,0,0.0,0.0,0.0,0.0
1135,o_4keRRTTE1ke,谷賢臣,0,0,0,2,0,0,0,0,2,0,1,0,1,0,0.0,0.0,0.0,0.0
1136,o_0ERFJTTE1Ee,谷謙介,0,0,0,2,0,0,1,0,1,0,1,0,1,0,0.0,0.0,0.0,0.0
1137,o_4EVZpXTEFUe,片山博志,0,0,0,4,0,0,0,0,4,0,1,0,3,0,0.0,0.0,0.0,0.0
1138,o_8ERVBTTE1ke,本多敏行,0,0,0,1,0,0,0,0,1,0,0,0,1,0,0.0,0.0,0.0,0.0
1139,o_4EVBJTTEFkM,井上修一,0,0,0,5,0,0,3,0,2,0,4,0,1,0,0.0,0.0,0.0,0.0
1140,o_0keZFTTE10d,田畑勝彦,0,0,0,5,0,0,3,0,2,0,4,0,1,0,0.0,0.0,0.0,0.0
1141,o_0keFpXTE1ke,菅實,0,0,0,4,0,0,1,0,3,0,0,0,4,0,0.0,0.0,0.0,0.0
1142,o_8ERBJTTEFUe,猪野毛雅人,0,0,0,8,0,0,1,0,7,0,1,0,4,0,0.0,0.0,0.0,0.0
1143,o_4ERRhXTE1ke,中西健,0,0,0,1,0,0,0,0,1,0,0,0,1,0,0.0,0.0,0.0,0.0
1144,o_0EVRFTTEFUe,佐々木徹,0,0,0,5,0,0,0,0,5,0,1,0,1,0,0.0,0.0,0.0,0.0
1145,o_8EVNpXTEFEN,小林弘明,0,0,0,1,0,0,0,0,1,0,0,0,1,0,0.0,0.0,0.0,0.0
1146,o_8ERNRTTE10d,吉川朋宏,0,0,0,4,0,0,0,0,4,0,0,0,4,0,0.0,0.0,0.0,0.0
1147,o_8ERFNTTE1ke,和田志保,0,0,0,4,0,0,0,0,4,0,2,0,2,0,0.0,0.0,0.0,0.0
1148,o_4keFpXTEFUM,田島榮二郎,0,0,0,10,0,0,1,0,9,0,6,0,4,0,0.0,0.0,0.0,0.0
1149,o_4EVJdXTE10d,大戸志浦,0,0,0,1,0,0,0,0,1,0,1,0,0,0,0.0,0.0,0.0,0.0
1150,o_4ERBFzTEF0d,槇本牧場,0,0,0,5,0,0,0,0,5,0,0,0,5,0,0.0,0.0,0.0,0.0
1151,o_0ERZJjT6F0d,サン,0,0,0,3,0,0,0,0,3,0,3,0,0,0,0.0,0.0,0.0,0.0
1152,o_4EVrhXTEFkM,浅野正敏,0,0,0,1,0,0,0,0,1,0,0,0,1,0,0.0,0.0,0.0,0.0
1153,o_0kaZpXTEFkM,北村和江,0,0,0,4,0,0,1,0,3,0,2,0,2,0,0.0,0.0,0.0,0.0
1154,o_4EVZRzTEF0d,ビッグ,0,0,0,3,0,0,0,0,3,0,0,0,3,0,0.0,0.0,0.0,0.0
1155,o_0ERVRTTE1Ee,小野美子,0,0,0,1,0,0,1,0,0,0,1,0,0,0,0.0,0.0,0.0,0.0
1156,o_0kaBRTTE1ke,中西桂子,0,0,0,2,0,0,0,0,2,0,1,0,1,0,0.0,0.0,0.0,0.0
1157,o_4keZlXTEF0M,川上哲司,0,0,0,7,0,0,1,0,6,0,3,0,4,0,0.0,0.0,0.0,0.0
1158,o_8ERrpXTE10d,志村幸彦,0,0,0,6,0,0,0,0,6,0,1,0,5,0,0.0,0.0,0.0,0.0
1159,o_8EVNJTTE1ke,高原将浩,0,0,0,1,0,0,0,0,1,0,1,0,0,0,0.0,0.0,0.0,0.0
1160,o_4kaJpXTE1ke,柳田英子,0,0,0,3,0,0,0,0,3,0,0,0,3,0,0.0,0.0,0.0,0.0
1161,o_4kaRRTTEFUe,村田滋,0,0,0,8,0,0,3,0,5,0,8,0,0,0,0.0,0.0,0.0,0.0
1162,o_4EVnRTTEFEN,森山進,0,0,0,5,0,0,3,0,2,0,5,0,0,0,0.0,0.0,0.0,0.0
1163,o_0keFRTTEF0M,吉永清美,0,0,0,2,0,0,0,0,2,0,0,0,2,0,0.0,0.0,0.0,0.0
1164,o_4kaBlXTEFUe,中井敏雄,0,0,0,5,0,0,1,0,4,0,3,0,2,0,0.0,0.0,0.0,0.0
1165,o_0EVVFTTEFkM,円城幸男,0,0,0,2,0,0,0,0,2,0,0,0,2,0,0.0,0.0,0.0,0.0
1166,o_8EVjBTTE10d,坂東勝彦,0,0,0,7,0,0,0,0,7,0,1,0,6,0,0.0,0.0,0.0,0.0
1167,o_0EVnlXTE1ke,前田剛,0,0,0,5,0,0,1,0,4,0,5,0,0,0,0.0,0.0,0.0,0.0
1168,o_0ERVVTTE1Ee,蓑島竜一,0,0,0,2,2,0,0,0,0,0,2,0,0,0,0.0,0.0,0.0,0.0
1169,o_0ERNpXTEFUN,鹿倉勝爾,0,0,0,5,0,0,0,0,5,0,0,0,5,0,0.0,0.0,0.0,0.0
1170,o_4karNTTEFEN,大内景子,0,0,0,1,0,0,0,0,1,0,0,0,1,0,0.0,0.0,0.0,0.0
1171,o_4ERjBTTEFUe,小田切統二,0,0,0,5,0,0,3,0,2,0,3,0,0,0,0.0,0.0,0.0,0.0
1172,o_4keJpXTEFUe,黒岩晴男,0,0,0,1,0,0,0,0,1,0,0,0,1,0,0.0,0.0,0.0,0.0
